S&P Entity ID,"Total Revenue - Capital IQ [LTM] ($USDmm, Historical rate)","Total Equity - Capital IQ [LTM] ($USDmm, Historical rate)",Return on Capital - Capital IQ [LTM],Recurring Earnings / Total Assets - Capital IQ [LTM],Net Working Capital / Revenue - Capital IQ [LTM],Asset Turnover - Capital IQ [LTM],Intangible Assets / Revenue - Capital IQ [LTM],Net Working Capital/ Total Assets - Capital IQ [LTM],Payables / Receivables - Capital IQ [LTM],Management Rate of Return (%) - Capital IQ [LTM],Gross Margin % - Capital IQ [LTM],EBITDA Margin % - Capital IQ [LTM],FFO Interest Coverage - Capital IQ [LTM],EBITDA / Interest Exp. - Capital IQ [LTM],FFO to Total Debt - Capital IQ [LTM],Net Debt/EBITDA - Capital IQ [LTM],Total Debt to Capital - Capital IQ [LTM],Total Debt/Total Liabilities % - Capital IQ [LTM],Total Debt/Revenue - Capital IQ [LTM],(FFO + Cash) to Short Term Debt - Capital IQ [LTM],FFO to Gross Profit - Capital IQ [LTM],Basic Defense Interval - Capital IQ [LTM] (Days),Current Ratio - Capital IQ [LTM],Quick Ratio - Capital IQ [LTM],CreditModel - Acid Test Ratio [Latest Quarter] (Model Version 2.6),CreditModel - Cash from Operations Interest Coverage [Latest Quarter] (Model Version 2.6),CreditModel - Cash to Total Debt [Latest Quarter] (Model Version 2.6),CreditModel - EBIT Interest Coverage [Latest Quarter] (Model Version 2.6),CreditModel - Operating Income (after D&A) / Revenues [Latest Quarter] (Model Version 2.6),CreditModel - FFO Interest Coverage [Latest Quarter] (Model Version 2.6),CreditModel - Free Operating Cash Flow / Debt [Latest Quarter] (Model Version 2.6),CreditModel - PPE/ Assets [Latest Quarter] (Model Version 2.6),CreditModel - Receivable Turnover [Latest Quarter] (Model Version 2.6),CreditModel - Gearing Ratio [Latest Quarter] (Model Version 2.6),CreditModel - Sales Growth [Latest Quarter] (Model Version 2.6),CreditModel - Retained Earnings / (Debt + Equity) [Latest Quarter] (Model Version 2.6),CreditModel - Operating Cash Flow / Total Assets [Latest Quarter] (Model Version 2.6),CreditModel - EBT Interest Coverage [Latest Quarter] (Model Version 2.6),CreditModel - Loans / Deposits [Latest Quarter] (Model Version 2.6),CreditModel - Net Operating Income After Loan Loss Provisions / Revenues [Latest Quarter] (Model Version 2.6),CreditModel - Nonperforming assets / Total Assets  [Latest Quarter] (Model Version 2.6),CreditModel - Common Equity / Total Assets [Latest Quarter] (Model Version 2.6),CreditModel - Current Liabilities / Net Worth [Latest Quarter] (Model Version 2.6),CreditModel - Net Income / Total Revenue [Latest Quarter] (Model Version 2.6),CreditModel - Tier 1 Ratio  [Latest Quarter] (Model Version 2.6),CreditModel - Deposits Growth [Latest Quarter] (%) (Model Version 2.6),CreditModel - Loan Loss Provisions / Loans [Latest Quarter] (Model Version 2.6),CreditModel - Operating Expense / Total Assets [Latest Quarter] (Model Version 2.6),CreditModel - CPI Growth [Latest Quarter] (%) (Model Version 2.6),CreditModel - Revenue/GDP [Latest Quarter] (%) (Model Version 2.6),CreditModel - Likelihood of Government Support [Latest Quarter] (Model Version 2.6),"Total Equity - Capital IQ [Latest Annual] ($USDmm, Historical rate)",Debt/Debt And Equity (%) - Credit Stats Direct [LTM],FFO/Debt (%) - Credit Stats Direct [LTM],Total Equity to Total Assets - Capital IQ [LTM] (%),Common Dividend Payout Ratio (%) - Credit Stats Direct [Latest Annual],"As-Reported Total Revenue - Capital IQ [LTM] ($USD, Historical rate)",Business Segments (Screen by Sum) (Details): % of Revenue [LTM],Geographic Segments (Screen by Sum) (Details): % of Revenue [LTM],# of Analyst Low (4) Industry Recommendations - Capital IQ [Latest],CUSTOM Credit Rating,CUSTOMGeography Encoding,CUSTOMBusiness Encoding,CUSTOM Industry Outlook Weighted Average,CUSTOMPPPPC,CUSTOMPPPGDP,CUSTOMPCPIE,CUSTOMPCPI,CUSTOMNGDP_FY,CUSTOMNGDPPC,CUSTOMLUR,CUSTOMLP,CUSTOMGGX_NGDP,CUSTOMGGXWDN_NGDP,CUSTOMGGX,CUSTOMBCA
309025,51903.3,138273.9,17.6,16.6,0.411,0.32,0.018,0.131,0.904,33.2,60.2,58.6,36.6,61.6,1.19,0,9.91,63.4,0.293,64.6,0.582,566.7,8.01,7.61,--,--,1.7 (Dec-31-2022),54.2 (Dec-31-2022),--,--,--,--,--,--,0.6 (Dec-31-2022),--,--,--,--,--,--,--,--,--,--,--,--,--,--,- (Dec-31-2022),- (Dec-31-2022),138273.9,-,-,-,-,53875.9,-,-,-,3.0,,,---,,,,,,,,,,,,
393521,2759,-1253.8,9.76,7.94,-0.082,0.196,0.492,-0.016,0.186,19.3,50.3,64.5,2.82,5.17,0.081,6.27,105.3,78.7,4.38,0.68,0.705,-,0.425,0.35,0.4 (Dec-31-2022),--,--,3.7 (Dec-31-2022),--,3.3 (Dec-31-2022),0 (Dec-31-2022),--,--,99999 (Dec-31-2022),--,--,--,--,--,--,--,--,--,--,--,--,--,--,--,- (Dec-31-2022),- (Dec-31-2022),-1189.5,-,-,-,0,0,"Others: 4.1 (.2%);
Oil Stockpiling: 206.7 (7.5%);
Petroleum Distribution: 65.1 (2.4%);
Oil and Gas: 2,483.1 (90.0%)",-,-,3.0,,0.5650248863086885,---,,,,,,,,,,,,
498839,437950.6,358069.4,9.94,6.79,0.02,0.701,0.036,0.014,1.9,15.6,25.6,17.1,17.2,16,1.32,0.013,14.6,23.4,0.143,3.81,0.733,132,1.16,0.496,--,--,0.9 (Mar-31-2023),10 (Mar-31-2023),--,--,--,--,--,--,0.1 (Mar-31-2023),--,--,--,--,--,--,--,--,--,--,--,--,--,--,- (Mar-31-2023),- (Mar-31-2023),363761.5,-,-,-,0,437950.6,-,-,-,5.0,,,---,,,,,,,,,,,,
338352,0,18740,-0.029,-,-,-,-,0.107,-,-,-,-,-1.69,-,-0.074,0,40.4,80.9,-,-,-,3989,3.37,0.536,--,17.6 (Dec-31-2015),--,--,--,--,-0.1 (Dec-31-2015),--,--,0.5 (Dec-31-2015),--,--,--,--,--,--,--,--,--,--,--,--,--,--,--,--,--,18740,-,-,-,-,0,-,-,-,5.0,,,---,,,,,,,,,,,,
532258,461579.3,187216.3,5.53,3.79,-0.014,1.22,0.046,-0.017,2.42,10.5,15.7,-,22.3,-,0.355,0,27.5,37.1,0.155,2.76,0.351,54.7,1.08,0.509,--,--,0.8 (Sep-30-2022),21.9 (Sep-30-2022),--,--,--,--,--,--,0.2 (Sep-30-2022),--,--,--,--,--,--,--,--,--,--,--,--,--,--,- (Sep-30-2022),- (Sep-30-2022),190375.5,-,-,-,21,0,-,-,-,5.0,,,---,,,,,,,,,,,,
115685,0,164648.9,-,NM,-,-,-,NM,-,7.09,-,-,-,-,-,0,-,-,-,-,-,NM,0.68,-,--,--,--,--,--,--,--,--,--,--,--,--,--,--,--,--,--,--,--,--,--,--,--,--,--,--,--,164648.9,-,-,-,-,0,-,-,-,5.0,,,---,,,,,,,,,,,,
113251,25602,49740,3.73,3.24,0.05,0.186,0.451,0.009,1.19,4.4,36.9,33.9,3.12,4.07,0.124,5.88,48,65,2.24,1.37,0.755,88.4,0.76,0.392,1 (Mar-31-2023),--,--,2.1 (Mar-31-2023),--,3.3 (Mar-31-2023),0 (Mar-31-2023),--,--,0.9 (Mar-31-2023),--,--,--,--,--,--,--,--,--,--,--,--,--,--,--,- (Mar-31-2023),- (Mar-31-2023),49740,52.7,15.2,-,13.2,25602,"Pacifi Corp: 5,936.0 (23.0%);
Northern Powergrid: 1,303.0 (5.1%);
Home Services: 4,322.0 (16.8%);
Bhe Renewables: 1,710.0 (6.6%);
Mid American Funding: 3,393.0 (13.2%);
Bhe Pipeline Group: 3,774.0 (14.7%);
NV Energy: 4,523.0 (17.6%);
Bhe Transmission: 799.0 (3.1%)","United States: 23,593.0 (92.2%);
United Kingdom: 1,277.0 (5.0%);
Canada: 706.0 (2.8%);
Other: 6.0 (.0%);
Australia: 20.0 (.1%)",-,6.0,0.4794849018108197,2.785160672411757,---,0.8725813310766183,0.7744774376620541,7.226818960354491e-12,7.28874458973619e-12,0.001089475575609971,0.0009226516571416344,0.2904593463596582,0.2290208674645016,0.7684133421475946,0.9820915080717696,0.0021474539719387492,-1.1884848096169809
121380,66649.6,109616.3,16.6,13.5,0.053,0.395,0.104,0.021,1.19,30.4,40.3,46.9,20.4,26.1,1,NM,17.8,41.3,0.365,24.9,0.909,437.4,3.25,2.83,--,--,2 (Mar-31-2023),38.3 (Mar-31-2023),--,--,--,--,--,--,0.4 (Mar-31-2023),--,--,--,--,--,--,--,--,--,--,--,--,--,--,- (Mar-31-2023),- (Mar-31-2023),109616.3,-,-,-,63.3,0,"Gas: 26,381.6 (27.9%);
Downstream: 31,617.7 (33.4%);
Upstream: 31,029.6 (32.8%);
Corporate and Others: 5,593.1 (5.9%)",-,-,6.0,,1.8106442075483304,---,,,,,,,,,,,,
652457,10431.3,17478.2,2.51,2.18,-0.017,0.348,0.045,-0.006,0.885,6.68,13.6,12.8,5.99,7.19,0.163,2.24,26.7,55.8,0.667,1.51,0.796,209.2,1.06,0.902,--,--,0.5 (Mar-31-2023),2.7 (Mar-31-2023),--,--,--,--,--,--,0.2 (Mar-31-2023),--,--,--,--,--,--,--,--,--,--,--,--,--,--,- (Mar-31-2023),- (Mar-31-2023),17354.3,-,-,-,64.7,10431.3,-,"China: 10,431.3 (100.0%)",-,6.0,-0.0,,---,0.25954568398409544,1.0,3.4693126689930473e-12,3.610181688043203e-12,0.005065369673528596,0.0009827438858969228,0.24274437652086175,1.0,0.6172478732385219,,0.008040730530191649,1.0
101930,5519,9742,4.7,4.05,0.018,0.224,-,0.004,0.799,4.64,44.4,34.9,6.43,6.69,0.235,4.09,39.2,55.9,1.51,4.14,0.797,67.4,0.811,0.466,0.8 (Mar-31-2023),--,--,3.8 (Mar-31-2023),--,5.6 (Mar-31-2023),-0.1 (Mar-31-2023),--,--,0.8 (Mar-31-2023),--,--,--,--,--,--,--,--,--,--,--,--,--,--,--,- (Mar-31-2023),- (Mar-31-2023),9742,46.7,19.2,-,87.1,5519,"All Other: 54.0 (1.0%);
Regulated Electric: 3,732.0 (67.6%);
Regulated Natural Gas: 1,734.0 (31.4%)","United States: 5,519.0 (100.0%)",-,7.0,-0.0,0.973059589634486,---,0.8783686687221518,0.7966453392989884,7.333022516539986e-12,7.39539892672286e-12,0.001119864358167182,0.0009229807142999276,0.2874354561101549,0.23539740859761696,0.7661969391951858,1.0,0.002206628196193779,-1.223471234167018
117961,728.8,1870.4,6.66,5.18,0.031,0.152,0.082,0.005,0.872,6.23,84.1,59.9,5.78,6.36,0.245,3.09,44,56.2,2.25,4.98,0.654,296.9,1.45,1.34,--,6.6 (Dec-31-2021),--,--,--,--,0 (Dec-31-2021),--,--,0.7 (Dec-31-2021),--,--,--,--,--,--,--,--,--,--,--,--,--,--,--,- (Dec-31-2021),- (Dec-31-2021),1684.4,-,-,-,-,0,"Distribution: 572.1 (77.6%);
Contracting: 54.4 (7.4%);
Metering: 110.5 (15.0%)",United Kingdom: 728.8 (100.0%),-,7.0,-0.0,0.9724295664939515,---,,,,,,,,,,,,
579612,17.7,49896.1,-,NM,NM,0,0.085,NM,-,4.08,-,-,-,-,-,0,-,-,-,-,-,NM,3.99,3.64,--,--,--,--,--,--,--,--,--,--,--,--,--,--,--,--,--,--,--,--,--,--,--,--,--,--,--,49896.1,-,-,-,-,0,-,-,-,7.0,,,---,,,,,,,,,,,,
319276,1384.2,3985.9,6.56,5.04,-0.102,0.137,0.261,-0.014,0.095,5.65,85.9,66.3,6.09,7.49,0.229,3.51,42.3,53.8,2.38,3.44,0.632,88,0.505,0.413,--,6.1 (Dec-31-2022),--,--,--,--,0 (Dec-31-2022),--,--,0.8 (Dec-31-2022),--,--,--,--,--,--,--,--,--,--,--,--,--,--,--,--,- (Sep-30-2019),3985.9,-,-,-,-,0,-,-,-,7.0,,,---,,,,,,,,,,,,
302239,101734.6,-91890,56.5,6.83,-0.108,0.718,0.012,-0.078,4,12,19.7,16.9,2.11,1.96,0.174,5.85,633.8,46.5,1.07,0.86,0.945,82.1,0.488,0.375,--,--,0 (Jun-30-2023),-1.6 (Jun-30-2023),--,--,--,--,--,--,-0.1 (Jun-30-2023),--,--,--,--,--,--,--,--,--,--,--,--,--,--,- (Jun-30-2023),- (Jun-30-2023),-91890,228.5,-6.18,-,0,101736,"Corporate: 5,711.2 (2.9%);
Commercial entities: 55,609.0 (28.2%);
Logistics: 5,793.5 (2.9%);
Exploration and Production (Incl. Drilling and Services): 53,257.7 (27.0%);
Industrial Transformation (Incl. Ethylene, Refining, Gas and Basic Petrochemical and Petrochemicals, Fertilizers): 61,229.1 (31.1%);
Petr√≥leos Mexicanos and Subsidiary Companies: 4,402.4 (2.2%);
Deer Park R.L.P.: 11,012.1 (5.6%)","Mexico: 56,114.6 (55.2%);
Export: 45,401.4 (44.6%);
Unallocated: 220.0 (.2%)",-,8.0,1.0106774291560818,2.2000809368079866,---,0.2960597098484139,0.10361543375172835,3.804350027377888e-12,3.8016994032399884e-12,0.0012549369760583415,0.002680353662736266,0.2235147486497715,0.09083584596143013,0.5356408424789488,0.5255410411386235,0.001728697452625375,-0.07865263697130438
709409,999.1,12776.9,5.27,5.26,1.7,0.053,-,0.09,-,-,100,-,5.66,-,0.142,0,32.7,99.9,6.22,50.8,0.88,-,82.4,82.4,--,--,--,--,--,--,--,--,--,--,--,--,--,--,--,--,--,--,--,--,--,--,--,--,--,--,--,12776.9,-,-,-,-,0,-,-,-,8.0,,,---,,,,,,,,,,,,
480602,11763,5983,5.49,4.89,-0.012,0.942,0.003,-0.011,0.892,7.93,10,8.26,5.99,3.63,0.329,5.01,45.9,78.4,0.434,240.3,1.42,27.8,0.876,0.76,0.8 (Jun-30-2023),--,--,2.2 (Jun-30-2023),--,4.3 (Jun-30-2023),0.3 (Jun-30-2023),--,--,0.9 (Jun-30-2023),--,--,--,--,--,--,--,--,--,--,--,--,--,--,--,--,--,6036,47.7,22.8,-,94.5,11916,"Gathering and Processing: 7,996.0 (43.5%);
Logistics and Marketing: 10,368.0 (56.5%)",-,-,8.0,,0.9877746553159469,---,,,,,,,,,,,,
450479,69004.3,37215.3,12.4,9.25,0.046,0.786,0.001,0.036,1.29,20.2,-3.17,17.6,10.4,13,0.408,0.474,39,50.6,0.371,4.88,-4.76,139.1,1.78,1.17,--,--,0.8 (Dec-31-2022),8.1 (Dec-31-2022),--,--,--,--,--,--,0.3 (Dec-31-2022),--,--,--,--,--,--,--,--,--,--,--,--,--,--,- (Dec-31-2022),- (Dec-31-2022),37215.3,-,-,-,5.32,84888.3,-,-,-,9.0,,,---,,,,,,,,,,,,
629864,25517.9,3964.9,-4.78,-,0.007,1.73,0.035,0.011,1.5,-9.26,15.1,0.671,5.63,1.58,0.309,9.38,46.4,37.2,0.158,4.8,0.324,50,1.09,0.606,--,10.4 (Dec-31-2022),--,--,--,--,0.3 (Dec-31-2022),--,--,0.7 (Dec-31-2022),--,--,--,--,--,--,--,--,--,--,--,--,--,--,--,- (Dec-31-2022),- (Dec-31-2022),3964.9,-,-,-,53.5,0,"Upstream: 699.7 (2.2%);
Chemicals: 3,949.4 (12.5%);
Corporation: 99.5 (.3%);
Energy: 26,848.7 (85.0%)","Spain: 18,353.0 (66.0%);
Rest of European Union: 2,678.2 (9.6%);
Africa: 1,432.5 (5.2%);
America: 3,149.1 (11.3%);
Rest of The World: 2,196.3 (7.9%)",-,10.0,1.5867534559883736,0.7205776895958377,---,0.5490308500130924,0.06904555802329677,3.508181830351433e-12,3.54262999831716e-12,6.207189106058782e-05,0.00036895323063400657,1.0,0.032640190475515606,0.8576747407840335,0.8340929031000196,0.00013690959909759746,0.034363664906757886
325246,7184.4,10209.8,21.9,19.3,-0.007,0.321,-,-0.002,0.541,21.9,84.2,92.5,12.8,17.3,0.759,0.972,33.8,54.7,0.928,5.57,0.837,140.5,0.696,0.509,0.6 (Mar-31-2023),--,--,17.6 (Mar-31-2023),--,19.4 (Mar-31-2023),0.4 (Mar-31-2023),--,--,0.9 (Mar-31-2023),--,--,--,--,--,--,--,--,--,--,--,--,--,--,--,--,--,10209.8,45.4,66.7,-,0.933,8731.7,"Crude Oil and Natural Gas: 7,184.4 (100.0%)","United States: 7,184.4 (100.0%)",-,10.0,-0.0,-0.0,---,0.8783686687221518,0.7966453392989884,7.333022516539986e-12,7.39539892672286e-12,0.001119864358167182,0.0009229807142999276,0.2874354561101549,0.23539740859761696,0.7661969391951858,1.0,0.002206628196193779,-1.223471234167018
363149,2106.2,2277.1,-10.2,-,0.177,0.395,0.043,0.07,0.666,-10.9,34.7,22.9,0.369,9.7,0.01,3.43,44.6,60.4,0.876,0.431,0.025,107.7,1.06,0.644,--,11.7 (Mar-31-2023),--,--,--,--,-0.2 (Mar-31-2023),--,--,0.1 (Mar-31-2023),--,--,--,--,--,--,--,--,--,--,--,--,--,--,--,- (Mar-31-2023),- (Mar-31-2023),2277.1,-,-,-,29.4,0,"Distribution: 322.3 (15.3%);
Other Products and Services: 148.1 (7.0%);
Electrical Energy: 1,351.8 (64.2%);
Liquid Fuels: 170.2 (8.1%);
Natural Gas: 113.8 (5.4%)",-,-,10.0,,1.6144946274609633,---,,,,,,,,,,,,
336835,3021,993.6,14,9.45,0.045,1.59,0.006,0.071,3.88,24.3,13.2,7.59,12.7,16.4,0.624,0,22.2,31.5,0.094,5.45,0.446,66.2,1.6,0.757,--,--,1.3 (Dec-31-2022),9.6 (Dec-31-2022),--,--,--,--,--,--,0.3 (Dec-31-2022),--,--,--,--,--,--,--,--,--,--,--,--,--,--,- (Dec-31-2022),- (Dec-31-2022),993.6,-,-,-,-,0,-,-,-,10.0,,,---,,,,,,,,,,,,
371843,48.4,127.9,-,-,-,-,-,-,-,-,100,-,-,-,-,0,-,-,-,-,-,-,-,-,--,--,--,--,--,--,--,--,--,--,--,--,--,--,--,--,--,--,--,--,--,--,--,--,--,--,--,127.9,-,-,-,-,0,-,-,-,11.0,,,---,,,,,,,,,,,,
689530,1412.4,525.1,19.6,12.3,0.008,0.475,-,0.004,2.44,45.9,48.7,31.1,1.2,4.81,0.114,1.78,51.9,39.4,0.683,5.29,0.16,91.1,1.42,1.07,--,--,--,--,--,--,--,--,--,--,--,--,--,--,--,--,--,--,--,--,--,--,--,--,--,--,--,467.7,10.2,352.9,-,0,0,-,-,-,12.0,,,---,,,,,,,,,,,,
493161,70134.1,19608.8,16.6,11.4,-0.006,1.48,0.012,-0.009,0.972,30.5,12.3,9.5,6.87,8.42,0.47,0.595,35.9,42,0.167,2.84,0.637,72,1.15,0.768,--,6.9 (Dec-31-2022),--,--,--,--,0.3 (Dec-31-2022),--,--,0.4 (Dec-31-2022),--,--,--,--,--,--,--,--,--,--,--,--,--,--,--,- (Dec-31-2022),- (Dec-31-2022),19608.8,-,-,-,-,0,-,-,-,13.0,,,---,,,,,,,,,,,,
691074,2283,5146.9,5.17,4.25,0.15,0.217,-,0.033,2.2,6.97,56.4,36.4,2.55,2.98,0.22,3.86,37.4,60.3,1.42,0.229,0.552,66.1,0.326,0.08,--,6.4 (Jun-30-2022),--,--,--,--,0 (Jun-30-2022),--,--,0.6 (Jun-30-2022),--,--,--,--,--,--,--,--,--,--,--,--,--,--,--,--,--,5290.6,-,-,-,40,2537.1,"Gas, Gas Condensate and Oil Production and Sales: 910.3 (30.6%);
Oil Refining and Retail: 1,039.9 (35.0%);
Gas Refining: 586.7 (19.7%);
Other: 437.0 (14.7%)","Uzbekistan: 2,252.5 (98.4%);
Other Countries: 36.0 (1.6%)",-,14.0,0.11835001140827488,1.9212036725329689,---,0.1094615938935773,0.009824669143350574,1.6161240451620045e-10,1.5788100330862622e-10,0.018472385881449633,0.1538444325558591,,0.0232956941053922,0.7435114834296599,,0.035320419518535325,0.0003883366796387643
595837,2226.1,4761.4,32,29,0.048,0.275,-,0.013,0.25,32.9,51.7,138.6,5.57,15.1,0.443,0.83,35.2,77.4,1.16,29.1,0.997,1414.8,1.11,0.458,0.6 (Mar-31-2023),--,--,14.7 (Mar-31-2023),--,9.1 (Mar-31-2023),0.5 (Mar-31-2023),--,--,0.7 (Mar-31-2023),--,--,--,--,--,--,--,--,--,--,--,--,--,--,--,- (Mar-31-2023),- (Mar-31-2023),4761.4,-,-,-,-,4324.3,"Natural Gas, Oil and Natural Gas Liquids (NGL): 2,226.1 (100.0%)","United States: 2,226.1 (100.0%)",-,14.0,-0.0,-0.0,---,0.8783686687221518,0.7966453392989884,7.333022516539986e-12,7.39539892672286e-12,0.001119864358167182,0.0009229807142999276,0.2874354561101549,0.23539740859761696,0.7661969391951858,1.0,0.002206628196193779,-1.223471234167018
327813,521.8,424.1,0.894,0.702,0.305,0.256,-,0.078,0.917,1.11,16.6,25.9,-0.854,4.77,-0.022,6.5,73.5,72.8,2.25,1.27,-0.291,306,1.59,1.12,--,--,0.2 (Mar-31-2023),1.5 (Mar-31-2023),--,--,--,--,--,--,0 (Mar-31-2023),--,--,--,--,--,--,--,--,--,--,--,--,--,--,- (Mar-31-2023),- (Mar-31-2023),378.7,68,16.9,-,0,0,Upstream: 521.8 (100.0%),-,-,18.0,,-0.0,---,,,,,,,,,,,,
372296,38705.6,7766.2,3.9,3.7,0.226,0.922,0.034,0.209,0.327,5.94,4.94,7.57,-2.12,2.51,-0.081,10.1,76.6,89.3,0.789,-0.109,-1.3,41.6,0.725,0.27,0.5 (Mar-31-2023),--,--,1.7 (Mar-31-2023),--,2.9 (Mar-31-2023),-0.3 (Mar-31-2023),--,--,1.8 (Mar-31-2023),--,--,--,--,--,--,--,--,--,--,--,--,--,--,--,- (Mar-31-2023),- (Mar-31-2023),8278.2,-,-,-,16.1,0,"Gas Import and Sales: 37,414.0 (94.0%);
Other: 2,405.3 (6.0%)","Korea: 37,410.6 (96.7%);
Australia: 578.6 (1.5%);
Canada: 7.0 (.0%);
Iraq: 455.3 (1.2%);
Mozambique: 87.3 (.2%);
Singapore: 87.3 (.2%);
Myanmar: 79.5 (.2%)",0,3.0,0.26806257486520013,0.32744491915447627,2,0.608659592409423,0.08475543615491846,3.722637120325065e-12,3.743039155703357e-12,0.1001328246503202,0.5301138692583891,0.19500267078164873,0.03621416378201608,0.4427655258999502,0.4445298303762917,0.11098374186209495,0.14533640284559896
102206,194799,161929,13,10.3,0.014,0.745,0.024,0.01,1.03,16.7,39.3,21.7,75.9,89.9,1.37,0.423,12.6,26.1,0.134,21.2,0.465,57.9,1.28,0.868,1.1 (Jun-30-2023),--,--,75 (Jun-30-2023),--,90.2 (Jun-30-2023),1.3 (Jun-30-2023),--,--,0.1 (Jun-30-2023),--,--,--,--,--,--,--,--,--,--,--,--,--,--,--,--,--,161929,17,119.9,-,53.3,200949,"Upstream - United States: 40,115.0 (16.3%);
Upstream - International: 43,805.0 (17.8%);
Downstream - United States: 83,567.0 (34.0%);
Downstream - International: 78,058.0 (31.7%);
ALL Other - International: 2.0 (.0%);
ALL Other - United States: 595.0 (.2%)","United States: 124,277.0 (50.5%);
International: 121,865.0 (49.5%)",0,4.0,0.9999278640456615,1.9423246539693921,6,0.8783686687221518,0.7966453392989884,7.333022516539986e-12,7.39539892672286e-12,0.001119864358167182,0.0009229807142999276,0.2874354561101549,0.23539740859761699,0.7661969391951858,1.0,0.002206628196193779,-1.223471234167018
101174,38392.3,16826.8,19.9,15,0.02,1.23,0.003,0.025,1.04,19.2,17.8,15.9,54.1,119.2,0.862,0.422,13.9,22.8,0.085,22.1,0.414,42.3,1.26,0.81,1 (Mar-31-2023),--,--,135.8 (Mar-31-2023),--,135.2 (Mar-31-2023),1.4 (Mar-31-2023),--,--,0.2 (Mar-31-2023),--,--,--,--,--,--,--,--,--,--,--,--,--,--,--,- (Mar-31-2023),- (Mar-31-2023),16826.8,-,-,-,-,38594.5,"Chemical: 1,197.2 (2.1%);
Upstream: 12,491.0 (22.3%);
Downstream: 42,214.7 (75.5%)","Canada: 31,591.0 (82.3%);
United States: 6,801.3 (17.7%)",0,4.0,0.6734699876903987,0.9053912848184694,2,0.7206432742388184,0.19890108906596674,4.480554962248862e-12,4.531102820674273e-12,0.00030033030047731503,0.0009085154881578155,0.37081494450709235,0.06354661300094601,0.8271064571292508,0.5207958544550595,0.0006112188609895771,-0.27840741888307763
340502,338293,212538,16.6,12.6,0.016,0.899,-,0.015,1.03,20.8,32.8,20,65.2,83.9,1.16,0.227,16.8,29.1,0.141,15.2,0.499,82.6,1.48,1.07,1.1 (Jun-30-2023),--,--,80.2 (Jun-30-2023),--,85.2 (Jun-30-2023),1.1 (Jun-30-2023),--,--,0.2 (Jun-30-2023),--,--,--,--,--,--,--,--,--,--,--,--,--,--,--,--,--,212538,14.1,162.8,-,43,344582,"Corporate and Financing: 312.0 (.1%);
Chemical - Non-United States: 17,957.0 (3.9%);
Chemical - United States: 15,942.0 (3.5%);
Upstream - Non-United States: 55,056.0 (11.9%);
Upstream - United States: 30,471.0 (6.6%);
Energy Products - United States: 127,349.0 (27.6%);
Energy Products - Non United States: 192,773.0 (41.8%);
Specialty Products - United States: 8,614.0 (1.9%);
Specialty Products - Non United States: 12,918.0 (2.8%)","Canada: 28,994.0 (8.7%);
United States: 127,374.0 (38.1%);
Germany: 9,297.0 (2.8%);
United Kingdom: 23,372.0 (7.0%);
Australia: 9,883.0 (3.0%);
Other Non-United States: 95,803.0 (28.6%);
Singapore: 15,331.0 (4.6%);
Belgium: 9,840.0 (2.9%);
France: 14,803.0 (4.4%)",0,4.0,2.4678639992737623,2.276902237164036,4,0.8469889625564109,0.49946885152923287,5.766810229364856e-12,5.8239965898143e-12,0.0007018276725662683,0.0008953649956138589,0.31747611364233425,0.14982453969117437,0.8049151485221784,0.7839612229290508,0.001397998000452232,-0.7044706595722047
120508,20516.6,12059.7,11.3,8.94,0.063,0.741,0.247,0.047,0.252,19.9,20.9,19.5,-,31.3,-,1.93,43.1,60.2,0.458,-,-,88.8,1.5,0.918,--,--,--,--,--,--,--,--,--,--,--,--,--,--,--,--,--,--,--,--,--,--,--,--,--,--,--,11955.5,-,-,-,10.5,0,-,-,0,4.0,,,-2,,,,,,,,,,,,
116652,15527.1,11481.4,8.77,6.98,0.103,0.709,0.05,0.073,0.408,13.9,21,16,-,24,-,1.96,34.2,57.1,0.384,-,-,71.4,1.78,0.829,--,--,--,--,--,--,--,--,--,--,--,--,--,--,--,--,--,--,--,--,--,--,--,--,--,--,--,10660.8,-,-,-,43.7,0,-,-,0,4.0,,,-2,,,,,,,,,,,,
104159,106848,48500,39.2,25.6,-0.054,0.744,0.053,-0.04,0.913,69.1,45,43.1,14.9,27.7,0.777,0,34,33.4,0.298,8.74,0.514,208.3,1.72,1.54,--,24.8 (Jun-30-2023),--,--,--,--,0.6 (Jun-30-2023),--,--,0.5 (Jun-30-2023),--,--,--,--,--,--,--,--,--,--,--,--,--,--,--,26.5 (Jun-30-2023),High (Jun-30-2023),48500,25.9,222.3,-,26.3,107174,"Exploration & Production Norway (EPN): 38,340.0 (24.6%);
Other: 253.0 (.2%);
Marketing, Midstream & Processing (MMP): 105,908.0 (67.9%);
Exploration & Production USA (EPUSA): 4,319.0 (2.8%);
Exploration & Production International (Excluding E&P USA): 7,032.0 (4.5%);
Renewables (REN): 17.0 (.0%)","Norway: 84,409.9 (79.0%);
Other Countries: 3,205.4 (3.0%);
United States (USA): 19,232.6 (18.0%)",0,4.0,0.8657340234335624,1.2406515772740128,4,1.0,0.015033293251825137,3.3444211434710084e-12,3.4245964327560785e-12,0.00019697350624504705,0.009794204928405355,0.21366253190100307,0.003901630167126676,1.0,-2.985755020471827,0.0005065588358858294,0.049975625676490755
337129,218945,119453,17.6,11.3,-0.06,0.772,0.151,-0.046,1.76,33.3,34.7,19.9,14.4,15.5,0.805,0.382,27.8,30.8,0.231,7.43,0.536,102.9,1.12,0.645,--,15.5 (Jun-30-2023),--,--,--,--,0.4 (Jun-30-2023),--,--,0.3 (Jun-30-2023),--,--,--,--,--,--,--,--,--,--,--,--,--,--,--,--,--,119453,32.4,59.4,-,52.9,218945,"Corporate: 238.0 (.1%);
Refining & Chemicals: 136,943.0 (43.1%);
Marketing & Services: 73,198.0 (23.0%);
Exploration & Production: 49,156.0 (15.5%);
Integrated LNG: 26,875.0 (8.5%);
Integrated Power: 31,463.0 (9.9%)",-,0,5.0,,2.0698416245086206,6,,,,,,,,,,,,
346559,456865.5,130582.6,5.95,4.11,-0.042,1.6,0.002,-0.067,2.69,8.71,18.9,5.4,8.65,11,0.326,1.49,33.1,42.1,0.143,3,0.246,31.1,0.899,0.403,--,--,0.4 (Mar-31-2023),4.3 (Mar-31-2023),--,--,--,--,--,--,0.1 (Mar-31-2023),--,--,--,--,--,--,--,--,--,--,--,--,--,--,2.5 (Mar-31-2023),High (Mar-31-2023),135741.8,-,-,-,96.1,457033,"Refining: 209,846.1 (26.2%);
Exploration and Production: 41,513.9 (5.2%);
Marketing and Distribution: 247,719.8 (31.0%);
Chemical: 69,808.0 (8.7%);
Corporate and Others: 231,342.5 (28.9%)",-,0,5.0,,2.075916420899389,2,,,,,,,,,,,,
349110,57273.5,88346.6,22.1,16.8,-0.174,0.41,0.045,-0.071,1.61,33.4,75.6,55.6,77.8,92,1.64,0,15.5,32.1,0.288,16.5,0.626,323.7,1.68,1.6,2.4 (Mar-31-2023),--,--,60.9 (Mar-31-2023),--,73.6 (Mar-31-2023),0.9 (Mar-31-2023),--,--,0.2 (Mar-31-2023),--,--,--,--,--,--,--,--,--,--,--,--,--,--,--,- (Mar-31-2023),- (Mar-31-2023),86757.4,-,-,-,53.9,57273.5,-,-,0,5.0,,,2,,,,,,,,,,,,
114902,316620,188362,12.4,8.71,0.031,0.779,0.085,0.024,0.949,17.3,24.8,14.6,11.6,13.6,0.665,0.673,28.6,37.4,0.258,9.36,0.69,104.9,1.41,0.9,--,15.5 (Jun-30-2023),--,--,--,--,0.5 (Jun-30-2023),--,--,0.4 (Jun-30-2023),--,--,--,--,--,--,--,--,--,--,--,--,--,--,--,--,--,188362,24.2,88.6,-,17.7,323183,"Corporate: 42.0 (.0%);
Marketing: 109,482.0 (29.0%);
Upstream (Excluding Integrated Gas & Oil Sands Mining): 47,705.0 (12.7%);
Integrated Gas (Excl. Renewables and Energy Solutions): 49,205.0 (13.1%);
Chemicals and Products: 121,033.0 (32.1%);
Renewables and Energy Solutions: 49,526.0 (13.1%)","Other Americas: 28,227.0 (8.9%);
USA: 70,291.0 (22.2%);
Asia, Oceania, Africa: 99,967.0 (31.6%);
United Kingdom: 44,815.0 (14.2%);
Other Europe: 73,320.0 (23.2%)",0,5.0,2.205976512633237,2.1905070015686197,6,0.8783686687221518,0.7966453392989884,7.333022516539986e-12,7.39539892672286e-12,0.001119864358167182,0.0009229807142999276,0.2874354561101549,0.23539740859761696,0.7661969391951858,1.0,0.002206628196193779,-1.223471234167018
101539,94127.2,51962.5,4.57,3.6,0.137,0.805,0.034,0.11,0.754,14.3,10.3,6.08,6.91,5.26,0.231,4.39,37.7,53.4,0.369,2.16,0.829,95.7,1.48,0.875,--,--,--,--,--,--,--,--,--,--,--,--,--,--,--,--,--,--,--,--,--,--,--,--,--,--,--,49386.5,-,-,-,17.5,0,"Mineral & Metal Resources: 14,688.3 (15.6%);
Chemicals: 19,676.7 (20.9%);
Energy: 20,941.7 (22.2%);
All Other: 9.2 (.0%);
Iron & Steel Products: 4,854.2 (5.2%);
Machinery & Infrastructure: 9,339.1 (9.9%);
Lifestyle: 22,614.3 (24.0%);
Innovation & Corporate Development: 2,003.8 (2.1%)",-,0,6.0,,2.536570390682553,2,,,,,,,,,,,,
101537,141832.6,69639.2,4.15,3.13,0.13,0.861,0.063,0.112,0.851,9.91,12.1,5.09,8.38,7.17,0.218,3.88,39.6,51.6,0.346,1.63,0.626,113.7,1.34,0.861,--,--,--,--,--,--,--,--,--,--,--,--,--,--,--,--,--,--,--,--,--,--,--,--,--,--,--,68638.7,-,-,-,19.4,0,-,-,0,6.0,,,2,,,,,,,,,,,,
566956,24151.2,11314.9,10.8,8.55,-0.097,1.26,0.01,-0.123,0.947,23.4,14.8,9.55,16.9,19.7,0.581,0,23.3,45.1,0.145,9.72,0.571,97.6,1.57,1.34,1.4 (Jun-30-2022),--,--,11.1 (Jun-30-2022),--,16.2 (Jun-30-2022),0.3 (Jun-30-2022),--,--,0.2 (Jun-30-2022),--,--,--,--,--,--,--,--,--,--,--,--,--,--,--,- (Jun-30-2022),- (Jun-30-2022),11700.7,-,-,-,65.6,0,"Exploration and Production: 235.9 (.9%);
LNG Processing and Terminal: 1,645.8 (6.6%);
Sales of LPG: 3,877.1 (15.5%);
Natural Gas Sales (Excluding Sales of LPG): 19,261.3 (77.0%)",-,0,6.0,,1.0272153955555985,6,,,,,,,,,,,,
457140,15363.7,31350.1,19.3,17,0.001,0.332,0.222,0,0.207,44.9,58.7,63.3,14,24.5,0.744,0.47,18.4,50.2,0.488,7.44,0.618,121.2,1.45,1.17,--,--,--,--,--,--,--,--,--,--,--,--,--,--,--,--,--,--,--,--,--,--,--,--,--,0.3 (Dec-31-2022),- (Dec-31-2022),31350.1,-,-,-,-13.9,0,"Others: 312.5 (2.0%);
Domestic O&G: 1,701.7 (10.9%);
Overseas O&G - Ichthys Project: 2,792.4 (17.8%);
Overseas O&G - Other Project: 10,850.8 (69.3%)","Others: 2,251.0 (14.7%);
Japan: 5,544.0 (36.1%);
Asia & Oceania(Excluding China): 3,525.3 (22.9%);
China: 2,438.3 (15.9%);
Thailand: 1,605.1 (10.4%)",0,6.0,2.1856569972137865,1.271291981950547,0,0.44246291025886403,0.37610682109877247,3.2053618445046242e-12,3.274292918586862e-12,0.016825582393592386,0.03470727038446994,0.1969876474446479,0.3139694297899077,0.7455698366471794,0.977686056317521,0.03632122296002158,0.3924887459426444
101726,34713.5,22123.8,20.5,17.6,0.141,0.982,0.204,0.138,0.684,38.9,22.6,21.3,28.9,30.2,1.02,0,22.9,52.6,0.2,65.1,0.907,126.5,3.57,2.27,2.4 (Jul-01-2023),--,--,32.3 (Jul-01-2023),--,31.3 (Jul-01-2023),0.9 (Jul-01-2023),--,--,0.3 (Jul-01-2023),--,--,--,--,--,--,--,--,--,--,--,--,--,--,--,--,--,22123.8,-,-,-,21.1,0,"Steel Mills: 24,905.1 (47.6%);
Steel Products: 13,214.8 (25.2%);
Raw Materials: 14,225.5 (27.2%)",-,0,7.0,,1.5217865957854346,0,,,,,,,,,,,,
120208,20426,6896,15,11.6,-0.023,0.622,0.49,-0.015,0.649,22.6,38.3,28.9,9.44,12.2,0.282,2.68,65.8,64.6,0.82,12.9,0.603,68.1,0.9,0.788,0.8 (Jun-30-2023),--,--,7.9 (Jun-30-2023),--,10.8 (Jun-30-2023),0.1 (Jun-30-2023),--,--,2.1 (Jun-30-2023),--,--,--,--,--,--,--,--,--,--,--,--,--,--,--,--,--,6896,72.7,26.5,-,49.3,0,"Corporate and Other: 51.0 (.2%);
Collection and Disposal - East Tier: 10,575.0 (42.0%);
Collection and Disposal - West Tier: 9,987.0 (39.7%);
Collection and Disposal - Other Ancillary: 2,711.0 (10.8%);
Recycling Processing and Sales: 1,576.0 (6.3%);
Wm Renewable Energy: 276.0 (1.1%)","U.S.: 19,595.0 (95.9%);
Canada: 813.0 (4.0%);
Netherlands: 18.0 (.1%)",0,7.0,0.253641023054205,1.742019022167976,2,0.8706951193777487,0.7675642898299315,7.194246192011758e-12,7.256047127485052e-12,0.0010799929408110717,0.0009222769618893341,0.29149197865442156,0.22703663978035887,0.7691602679155984,0.9766860836270078,0.002129009418961908,-1.1774926278433704
114870,23273,28090,24.9,21.8,0.04,0.531,-,0.021,0.897,27.9,62.3,56.7,76.6,96.3,2.36,0,12.5,30.4,0.206,46.3,0.783,182.6,2.44,1.96,2 (Jun-30-2023),--,--,68.4 (Jun-30-2023),--,72.8 (Jun-30-2023),1.9 (Jun-30-2023),--,--,0.1 (Jun-30-2023),--,--,--,--,--,--,--,--,--,--,--,--,--,--,--,--,--,28090,4.34,985.9,-,45.2,24186,"Crude Oil and Natural Gas Exploration and Production: 23,273.0 (100.0%)","Trinidad: 228.0 (1.0%);
United States: 23,045.0 (99.0%)",0,7.0,0.08079313589591118,-0.0,2,0.8745394193472822,0.7886977132569093,7.350373468781082e-12,7.41764928921328e-12,0.0011087876463873657,0.0009380681475029436,0.28693512968128676,0.23305329842227032,0.7661607896616662,0.9945899541821018,0.002184801041633217,-1.2112054342347702
364931,57861,49279,21.1,17.1,-0.018,0.603,-,-0.011,0.929,23.6,48.7,42.8,25.6,32.1,1.02,0.521,25.3,42.1,0.339,21,0.708,92.7,1.43,1.21,1.4 (Jun-30-2023),--,--,27.9 (Jun-30-2023),--,32.4 (Jun-30-2023),0.8 (Jun-30-2023),--,--,0.3 (Jun-30-2023),--,--,--,--,--,--,--,--,--,--,--,--,--,--,--,--,--,49279,28.7,103.7,-,43.1,58574,"Corporate and Other: 30.0 (.1%);
Alaska: 7,099.0 (11.9%);
Lower 48: 38,235.0 (64.0%);
Canada: 4,873.0 (8.2%);
Europe, Middle East and North Africa: 6,434.0 (10.8%);
Asia Pacific: 3,064.0 (5.1%)","Other Foreign Countries: 5.0 (.0%);
United States: 45,101.0 (80.3%);
United Kingdom: 1,978.0 (3.5%);
Norway: 2,408.0 (4.3%);
Canada: 3,006.0 (5.4%);
China: 952.0 (1.7%);
Malaysia: 961.0 (1.7%);
Libya: 1,730.0 (3.1%)",0,7.0,1.2012595367290877,1.6488864969834052,2,0.8390688904423841,0.6860634224726755,6.771373346769705e-12,6.8369771829835416e-12,0.0010384861468581384,0.001291581749771743,0.2778694758102832,0.2157306566708241,0.7984159077238603,0.7404803353278169,0.002018225231150016,-1.002242968616651
321616,104860.2,59266.1,11.2,7.23,0.028,0.665,0.067,0.019,1.08,16.2,22.1,19.3,1.86,2.25,0.444,0.935,36.9,38.3,0.359,3.94,0.721,130.5,1.3,0.922,--,30.5 (Jun-30-2023),--,--,--,--,0.3 (Jun-30-2023),--,--,0.5 (Jun-30-2023),--,--,--,--,--,--,--,--,--,--,--,--,--,--,--,6.3 (Jun-30-2023),High (Jun-30-2023),59266.1,-,-,-,22.2,104860.2,"Corporate and Other Activities: 2,179.7 (1.7%);
Exploration & Production: 26,420.9 (21.2%);
Refining & Marketing and Chemicals: 58,094.4 (46.6%);
Global Gas & LNG Portfolio: 22,260.4 (17.8%);
Plenitude & Power: 15,757.7 (12.6%)",-,0,7.0,,1.907949907681751,4,,,,,,,,,,,,
100303,208351,85493,16.7,9.44,-0.104,0.743,0.108,-0.077,1.75,31.9,30.7,21.2,10.8,15.8,0.508,0.371,39.9,32.4,0.303,13.1,0.5,147.5,1.21,0.902,--,15.2 (Jun-30-2023),--,--,--,--,0.4 (Jun-30-2023),--,--,0.7 (Jun-30-2023),--,--,--,--,--,--,--,--,--,--,--,--,--,--,--,--,--,85493,45.2,46.2,-,-209.1,213032,"Other Businesses and Corporate: 2,657.0 (1.1%);
Gas & Low Carbon Energy: 50,297.0 (21.1%);
Oil Production & Operations: 24,904.0 (10.5%);
Customers & Products: 160,215.0 (67.3%)","United Kingdom: 39,975.0 (19.0%);
United States: 60,577.0 (28.8%);
Non-US (Excluding UK): 109,578.0 (52.1%)",0,7.0,1.4625303793586155,1.2711094352121746,6,0.8783686687221518,0.7966453392989884,7.333022516539986e-12,7.39539892672286e-12,0.001119864358167182,0.0009229807142999276,0.2874354561101549,0.23539740859761696,0.7661969391951858,1.0,0.002206628196193779,-1.223471234167018
129726,35928.6,23603.5,21.3,18.6,0.69,1.08,0.005,0.743,-,24.5,24.8,17.5,-,-,0.603,0.38,18.9,56.3,0.153,2.21,0.372,43.4,5.3,0.608,1.1 (Jun-30-2014),--,--,84330000 (Jun-30-2014),--,73690000 (Jun-30-2014),-0.2 (Jun-30-2014),--,--,0.6 (Jun-30-2014),--,--,--,--,--,--,--,--,--,--,--,--,--,--,--,--,--,23137.9,10.7,174.9,-,7.19,0,"Financial Services: 857.1 (2.3%);
Homebuilding - East: 5,449.7 (14.7%);
Homebuilding - South Central: 7,639.7 (20.6%);
Homebuilding - Southeast: 8,764.1 (23.6%);
Homebuilding - Southwest: 4,531.2 (12.2%);
Forestar: 1,526.1 (4.1%);
Rental: 2,473.3 (6.7%);
Homebuilding - North: 3,271.3 (8.8%);
Homebuilding - Northwest: 2,639.9 (7.1%)","United States: 35,928.6 (100.0%)",0,8.0,-0.0,2.8914857803275087,2,0.8783686687221518,0.7966453392989884,7.333022516539986e-12,7.39539892672286e-12,0.001119864358167182,0.0009229807142999276,0.2874354561101549,0.23539740859761696,0.7661969391951858,1.0,0.002206628196193779,-1.223471234167018
116969,58713.4,32132.2,10.7,7.46,0.033,0.862,0.047,0.028,0.872,17,27.9,12.3,14.5,15.4,0.607,0.268,24.9,32.9,0.202,6.48,0.439,121,1.54,1.09,--,24.5 (Jun-30-2023),--,--,--,--,0.4 (Jun-30-2023),--,--,0.4 (Jun-30-2023),--,--,--,--,--,--,--,--,--,--,--,--,--,--,--,--,--,32132.2,21,136.9,-,23.8,0,"Upstream: 5,500.2 (6.3%);
Industrial: 51,256.8 (58.5%);
Customer: 29,766.8 (34.0%);
Low Carbon Generation: 1,108.7 (1.3%)","Spain: 36,990.2 (56.8%);
Other: 15,751.1 (24.2%);
Portugal: 3,413.3 (5.2%);
USA: 3,924.0 (6.0%);
Peru: 5,079.0 (7.8%)",0,8.0,1.7112653432118723,1.3145203984278555,4,0.5307272329800824,0.11759563908673429,3.8156977557181856e-12,3.859092711528399e-12,0.00014015745035638504,0.0004019384993951511,0.8526074611820562,0.04611189567133813,0.8214224581282991,0.8116159162216401,0.0002842745745733911,-0.0727196076842483
543022,217829,38237,9.69,5.79,0.109,1.76,0.028,0.191,0.591,11.4,4.95,6.33,4.39,5.75,0.336,2.14,44.4,38.4,0.151,1.17,1.02,29.1,1.29,0.347,--,6.3 (Jun-30-2023),--,--,--,--,0.3 (Jun-30-2023),--,--,0.5 (Jun-30-2023),--,--,--,--,--,--,--,--,--,--,--,--,--,--,--,--,--,38237,22,137.1,-,30.5,0,"Marketing Activities: 186,708.0 (76.3%);
Industrial Activities: 57,862.0 (23.7%)","The Americas: 42,495.0 (19.5%);
Europe: 64,129.0 (29.4%);
Asia: 95,459.0 (43.8%);
Africa: 11,570.0 (5.3%);
Oceania: 4,176.0 (1.9%)",0,8.0,1.834430738147116,0.7900156893384529,2,0.0,0.0,0.0,0.0,0.0,0.0,0.0,0.0,0.0,0.0,0.0,0.0
108567,51397.1,23167.2,5.28,3.65,0.149,0.854,0.052,0.127,0.822,14.7,14.7,5.72,6.48,6.46,0.194,4.11,41.3,46.5,0.335,1.58,0.44,102.1,1.34,0.704,--,--,--,--,--,--,--,--,--,--,--,--,--,--,--,--,--,--,--,--,--,--,--,--,--,--,--,22432,-,-,-,23.4,0,"Segment Adjustment: .4 (.0%);
Forest Products: 1,760.3 (3.4%);
Chemicals: 3,987.6 (7.7%);
Energy: 5,667.6 (11.0%);
Metals & Mineral Resources: 3,604.3 (7.0%);
Lifestyle: 1,359.9 (2.6%);
IT Solutions: 2,632.0 (5.1%);
Agri Business: 10,187.1 (19.8%);
Power: 2,294.5 (4.5%);
Aerospace & Ship: 863.2 (1.7%);
Finance, Leasing & Real Estate Business: 422.1 (.8%);
Construction, Industrial Machinary & Mobility: 3,749.9 (7.3%);
Infrastructure Project: 209.7 (.4%);
next Generation Business Development (Incl. Parts of Plant): 45.4 (.1%);
Food II: 8,407.3 (16.3%);
Food I: 6,277.3 (12.2%)",-,0,8.0,,3.36123425062072,2,,,,,,,,,,,,
118888,13994,35170,7.45,5.82,-0.108,0.253,0.285,-0.027,1.68,7.83,46.3,62.2,307.3,NM,0.946,0.512,15,32.2,0.464,27.2,0.949,106,1.03,0.705,1.3 (Dec-31-2022),--,--,397.2 (Dec-31-2022),--,462.4 (Dec-31-2022),0.8 (Dec-31-2022),--,--,0.2 (Dec-31-2022),--,--,--,--,--,--,--,--,--,--,--,--,--,--,--,--,--,35170,-,-,-,48.6,0,"Australia: 9,802.0 (70.0%);
International: 2,549.0 (18.2%);
Marketing: 1,643.0 (11.7%)","Asia Pacific: 9,823.0 (70.2%);
Americas: 2,564.0 (18.3%);
Europe: 1,607.0 (11.5%)",0,8.0,1.1655401497437023,1.1694468988334081,2,0.0,0.0,0.0,0.0,0.0,0.0,0.0,0.0,0.0,0.0,0.0,0.0
301349,128252.7,175968.2,9.73,2.99,3.08,0.085,0.049,0.261,0.866,10.7,49,36.9,0.167,1.7,0.017,1.04,61.7,21.5,2.24,1.36,0.076,3153.2,1.65,0.359,1.5 (Dec-31-2022),--,0.5 (Mar-31-2021),1.6 (Dec-31-2022),--,1.1 (Dec-31-2022),0.1 (Dec-31-2022),--,--,0.5 (Dec-31-2022),0.1 (Mar-31-2021),--,--,--,--,--,--,--,--,--,--,--,--,--,--,- (Dec-31-2022),- (Dec-31-2022),176993.1,-,-,-,22.5,1260.2,"Comprehensive Financial Services: 40,898.7 (40.7%);
Operation Management: 30.9 (.0%);
Advanced Intelligent Manufacturing: 7,693.0 (7.7%);
Advanced Materials: 36,682.0 (36.5%);
New Consumption: 7,831.3 (7.8%);
New-Type Urbanisation: 7,234.9 (7.2%)","Overseas: 8,158.7 (8.2%);
Mainland China: 85,514.8 (85.8%);
Hong Kong, Macau and Taiwan: 5,990.3 (6.0%)",-,8.0,0.728984151972283,1.9042162991937541,---,,,,,,,,,,,,
119416,14218.9,13076.1,5.47,4.42,0.01,0.446,0.182,0.005,1.09,7.17,15.7,14.2,7.67,4.35,0.333,4.76,42.8,58.7,0.775,2.72,1.65,109.8,0.907,0.736,--,3.8 (Mar-31-2023),--,--,--,--,0 (Mar-31-2023),--,--,0.7 (Mar-31-2023),--,--,--,--,--,--,--,--,--,--,--,--,--,--,--,--,--,13751.2,66.1,22.5,-,-629.5,0,"Corporate Unallocated: 415.6 (1.1%);
SSEN Distribution: 1,373.6 (3.6%);
SSEN Transmission: 941.8 (2.5%);
Business Energy: 4,171.2 (11.0%);
Gas Storage: 5,737.2 (15.1%);
Renewables: 1,320.5 (3.5%);
Energy Customer Solutions: 2,660.5 (7.0%);
Thermal Generation: 5,579.3 (14.7%);
Energy Markets: 15,513.3 (40.9%);
SSE Enterprise: 196.1 (.5%)",-,0,8.0,,2.5507084802600057,6,,,,,,,,,,,,
302623,105402.9,105392.1,9.21,-,-,-,-,-,-,-,35.1,17.1,-,6.86,-,0.928,26.5,-,0.361,-,-,77.8,-,-,--,--,0.6 (Mar-31-2023),5.4 (Mar-31-2023),--,--,--,--,--,--,0.3 (Mar-31-2023),--,--,--,--,--,--,--,--,--,--,--,--,--,--,--,--,100934.4,-,-,-,7.67,108653.1,"Others: 8,363.4 (7.0%);
Oil and Gas: 2,704.6 (2.2%);
Retail: 32,436.3 (27.0%);
Digital Services: 13,424.2 (11.2%);
Oil to Chemicals (O2C): 63,350.4 (52.7%)",-,0,8.0,,1.740177665246427,2,,,,,,,,,,,,
306031,8856.9,14593.7,21.3,16,0.038,0.336,0.207,0.013,0.19,25.1,81.1,71.5,14.8,22.5,1.19,0,18.5,31,0.413,30.6,0.607,328.7,2.65,2.35,--,--,1.1 (Mar-31-2023),18.9 (Mar-31-2023),--,--,--,--,--,--,0.3 (Mar-31-2023),--,--,--,--,--,--,--,--,--,--,--,--,--,--,- (Mar-31-2023),- (Mar-31-2023),14593.7,20.8,85.2,-,49.8,9057.3,"Others: 200.0 (2.1%);
Southeast Asia - Thailand: 5,275.0 (56.3%);
Exploration and Production - Middle East: 1,165.0 (12.4%);
Exploration and Production - Australia: 73.0 (.8%);
Exploration and Production - Africa: 303.0 (3.2%);
Unallocated Other Income, Net: 57.0 (.6%);
Exploration and Production - Other: 38.0 (.4%);
Southeast Asia - Other Southeast Asia: 2,257.0 (24.1%)",-,0,8.0,,1.7429183357571396,2,,,,,,,,,,,,
380165,91467.2,47266.5,8.06,6.68,0.083,0.909,0.1,0.075,0.937,11.5,11.5,12.3,8.82,9.38,0.329,1.75,40.5,63.3,0.369,3.84,1.06,92.9,1.84,1.31,--,--,0.3 (Mar-31-2023),6.2 (Mar-31-2023),--,--,--,--,--,--,0.3 (Mar-31-2023),--,--,--,--,--,--,--,--,--,--,--,--,--,--,- (Mar-31-2023),- (Mar-31-2023),47266.5,32.6,23.6,-,94.4,0,"Downstream Petroleum - Oil and Retail: 22,423.5 (14.7%);
Upstream Petroleum and Natural Gas - Natural Gas: 19,074.4 (12.5%);
Others: 177.6 (.1%);
Upstream Petroleum and Natural Gas - Petroleum Exploration and Production: 8,746.4 (5.7%);
Downstream Petroleum - International Trading: 59,107.7 (38.8%);
Downstream Petroleum - Petrochemicals and Refining: 39,080.5 (25.7%);
New Business and Infrastructure: 3,610.7 (2.4%)","Thailand: 50,729.4 (55.5%);
Others: 1,830.6 (2.0%);
America: 3,024.7 (3.3%);
Europe: 1,927.6 (2.1%);
Asia: 33,954.9 (37.1%)",0,8.0,1.394483987734044,2.1907669008156043,2,0.24862446963808993,0.04704407006195441,3.1956885684103303e-12,3.2397215452362413e-12,0.0008067347294576236,0.003232379492111669,0.0400308129067996,0.047320024523958844,0.5222651543029488,0.0,0.0011245148682377212,0.006838710488119927
359883,1639.7,1563.4,3.62,3.21,0.066,0.501,0.118,0.033,-,4,15.7,14.6,5.37,5.11,0.299,3.34,29.9,50.8,0.529,2.93,1,44.4,1.15,0.599,0.8 (Dec-31-2022),--,--,4.3 (Dec-31-2022),--,6.1 (Dec-31-2022),0.2 (Dec-31-2022),--,--,0.4 (Dec-31-2022),--,--,--,--,--,--,--,--,--,--,--,--,--,--,--,0.6 (Dec-31-2022),Moderately High (Dec-31-2022),1473.9,-,-,-,95.2,0,"Wholesale: 1,155.5 (49.5%);
Retail: 1,109.7 (47.5%);
Kupe: 68.8 (2.9%);
Corporate: .8 (.0%)","New Zealand: 1,639.7 (100.0%)",-,8.0,-0.0,1.1601720571857634,---,0.5615872542884104,0.007280773373787033,4.22848197721794e-12,4.360665849916754e-12,1.5691266131284818e-05,0.0009047177826683919,0.3014422220903317,0.00336520916521696,0.6939411650107149,0.2268595242737376,2.8002982431146655e-05,-0.02276933627477712
360929,23257.9,11137.1,4.11,3.7,0.174,1.71,-,0.297,0.365,7.1,3.79,4.08,83.7,55.8,1.38,0,8.79,43.9,0.046,19.3,1.68,81.9,5.79,3.44,3.3 (Jun-30-2023),--,--,-46 (Jun-30-2023),--,-16.4 (Jun-30-2023),0.7 (Jun-30-2023),--,--,0.1 (Jun-30-2023),--,--,--,--,--,--,--,--,--,--,--,--,--,--,--,--,--,11137.1,-,-,-,0,0,"Other Department: 681.2 (2.8%);
Petrochemical Department: 21,538.8 (88.5%);
Public Sector Department: 2,108.4 (8.7%)","Taiwan: 12,436.8 (53.5%);
Other Countries: 3,501.7 (15.1%);
South Korea: 273.3 (1.2%);
Singapore: 2,592.9 (11.1%);
Mainland China: 407.7 (1.8%);
Philippines: 343.9 (1.5%);
Malaysia: 1,420.4 (6.1%);
Australia: 2,281.2 (9.8%)",0,8.0,2.092307431088071,0.6069049869068663,-2,0.9178361182435001,0.038436358412210464,3.3058223972554344e-12,3.3399116194002637e-12,0.0044599605376657225,0.024300790789729812,0.2070118857149592,0.014535874866358992,0.5960396709927281,0.11406164225396127,0.004970719864526288,0.019682244259024956
691134,5684,13047,11.3,10.6,0.017,0.278,-,0.005,1.11,11.7,73,66.8,38.9,40.4,1.45,0.414,13.3,34.3,0.444,6.62,0.882,163.6,1.21,1.11,1.7 (Jun-30-2023),--,--,66.4 (Jun-30-2023),--,77.7 (Jun-30-2023),1.3 (Jun-30-2023),--,--,0.2 (Jun-30-2023),--,--,--,--,--,--,--,--,--,--,--,--,--,--,--,--,--,13047,-,-,-,-,5914,"Natural Gas and Oil Development, Exploitation, Exploration and Production: 5,684.0 (100.0%)","United States: 5,684.0 (100.0%)",0,9.0,-0.0,-0.0,4,0.8783686687221518,0.7966453392989884,7.333022516539986e-12,7.39539892672286e-12,0.001119864358167182,0.0009229807142999276,0.2874354561101549,0.23539740859761696,0.7661969391951858,1.0,0.002206628196193779,-1.223471234167018
337895,14427,12217,23.9,20,-0.009,0.589,0.052,-0.005,0.49,25.2,54.7,51.9,17.7,20.3,1.01,0.752,31.6,52.8,0.449,14.3,0.83,82.5,1.07,0.823,0.9 (Jun-30-2023),--,--,16.9 (Jun-30-2023),--,20.1 (Jun-30-2023),0.2 (Jun-30-2023),--,--,0.6 (Jun-30-2023),--,--,--,--,--,--,--,--,--,--,--,--,--,--,--,--,--,12217,35.8,107.4,-,57.2,15258,"Oil and Gas Exploration and Production: 14,427.0 (100.0%)","United States: 14,427.0 (100.0%)",0,9.0,-0.0,-0.0,2,0.8783686687221518,0.7966453392989884,7.333022516539986e-12,7.39539892672286e-12,0.001119864358167182,0.0009229807142999276,0.2874354561101549,0.23539740859761696,0.7661969391951858,1.0,0.002206628196193779,-1.223471234167018
316723,19374,23171,19.3,17.5,-0.027,0.529,0.012,-0.014,1.54,19.4,51.4,48,55.2,64.1,1.47,0.549,17.3,42.9,0.297,39.4,0.848,49.7,0.876,0.662,0.6 (Jun-30-2023),--,--,58.1 (Jun-30-2023),--,74.7 (Jun-30-2023),0.9 (Jun-30-2023),--,--,0.2 (Jun-30-2023),--,--,--,--,--,--,--,--,--,--,--,--,--,--,--,--,--,23171,19.9,151.9,-,67.4,19362,"Oil and Gas Development, Exploration and Production: 19,374.0 (100.0%)","United States: 19,374.0 (100.0%)",0,9.0,-0.0,-0.0,2,0.8783686687221518,0.7966453392989884,7.333022516539986e-12,7.39539892672286e-12,0.001119864358167182,0.0009229807142999276,0.2874354561101549,0.23539740859761696,0.7661969391951858,1.0,0.002206628196193779,-1.223471234167018
318234,37173.2,32771.5,14.1,10.6,0.068,0.554,0.072,0.038,1.35,12.9,59.3,33.3,15.9,21.1,0.801,0.837,23.1,34,0.314,16.7,0.424,71.5,1.44,0.873,0.7 (Mar-31-2023),--,--,17.8 (Mar-31-2023),--,20 (Mar-31-2023),0.5 (Mar-31-2023),--,--,0.3 (Mar-31-2023),--,--,--,--,--,--,--,--,--,--,--,--,--,--,--,--,--,32771.5,33.1,60.5,-,28.6,38425.6,"Oil Sands: 17,727.9 (41.3%);
Refining and Marketing: 23,525.1 (54.8%);
Exploration and Production: 1,664.4 (3.9%)","International: 757.2 (1.9%);
North America: 38,773.9 (98.1%)",0,9.0,0.13578841288558574,1.1849628544678596,2,,,,,,,,,,,,
377948,17592.3,6582.2,5.38,3.8,0.187,0.888,0.082,0.166,0.804,14,13.6,5.9,5.67,6.39,0.128,5.26,51.3,54.2,0.408,2.13,0.385,158.1,1.58,1.16,--,--,--,--,--,--,--,--,--,--,--,--,--,--,--,--,--,--,--,--,--,--,--,--,--,--,--,6594.1,-,-,-,26.3,0,-,-,0,9.0,,,2,,,,,,,,,,,,
130530,20378,7621.3,9.16,5.39,0.034,1.35,0.135,0.047,0.877,16.5,15.8,6.13,26.5,22,1.38,0,13,15.5,0.056,7.73,0.492,77.8,1.33,0.834,--,0 (Mar-31-2023),--,--,--,--,0 (Mar-31-2023),--,--,0.1 (Mar-31-2023),--,--,--,--,--,--,--,--,--,--,--,--,--,--,--,- (Mar-31-2023),- (Mar-31-2023),7621.3,33.4,30.1,-,241.4,20616.8,"Electric Power Operations: 9,213.0 (40.4%);
Gas Activity Supply Chain: 13,410.0 (58.8%);
Corporate Supply Chain: 181.3 (.8%)",-,-,9.0,,1.0344595068665798,---,,,,,,,,,,,,
329155,33701,5391.8,-49.9,-,-0.035,1.24,0.028,-0.043,1.48,-,-6.42,-14.6,8.99,-,0.671,NM,46.8,23.9,0.155,9.58,-1.62,127.6,1.44,1.05,--,13 (Jun-30-2023),--,--,--,--,0.8 (Jun-30-2023),--,--,0.6 (Jun-30-2023),--,--,--,--,--,--,--,--,--,--,--,--,--,--,--,--,--,5391.8,55.3,27.4,-,-42.5,33701,"Centrica Energy: 9,848.7 (21.9%);
Upstream: 3,738.5 (8.3%);
British Gas Energy: 22,599.0 (50.2%);
Centrica Business Solutions: 4,486.2 (10.0%);
Bord Gas Energy: 2,311.9 (5.1%);
British Gas Services & Solutions: 2,034.2 (4.5%)","United Kingdom: 28,286.3 (83.9%);
North America: 496.8 (1.5%);
Rest of The World: 1,915.7 (5.7%);
Republic of Ireland: 1,831.7 (5.4%);
Scandinavia (Including Denmark): 1,170.6 (3.5%)",0,9.0,0.9356072108416562,2.0294500809714937,6,,,,,,,,,,,,
601880,13669.7,12362.2,32.9,24.8,-0.258,0.35,1.14,-0.09,0.317,66.5,92.7,89.5,33.4,75.9,0.832,0.253,22.1,24.4,0.476,59.1,0.427,142.3,0.946,0.83,--,34.1 (Jun-30-2023),--,--,--,--,0.4 (Jun-30-2023),--,--,0.5 (Jun-30-2023),--,--,--,--,--,--,--,--,--,--,--,--,--,--,--,--,--,12362.2,65.9,27.3,-,62.7,13669.9,"Exploration for and Production of Petroleum: 13,669.7 (100.0%)",-,0,9.0,,-0.0,4,,,,,,,,,,,,
688959,6816,1768,28.1,20.4,-0.162,0.353,0.34,-0.057,0.906,27.6,85.2,79.7,186.4,297,1.05,0.464,23.4,18.6,0.479,41.9,0.589,77.5,0.781,0.565,--,184.7 (Mar-31-2023),--,--,--,--,0.7 (Mar-31-2023),--,--,2 (Mar-31-2023),--,--,--,--,--,--,--,--,--,--,--,--,--,--,--,- (Mar-31-2023),- (Mar-31-2023),1768,-,-,-,82.8,6849.7,"Oil & Gas - Exploration & Production: 6,816.0 (100.0%)",-,0,9.0,,-0.0,2,,,,,,,,,,,,
101267,15334,31729,6.46,5.98,-0.035,0.216,1.44,-0.008,0.861,11.5,49.5,42,3.61,3.69,0.199,4.91,49.7,83.2,2.13,1.56,0.855,44.8,0.352,0.231,0.4 (Jun-30-2023),--,--,2.5 (Jun-30-2023),--,3 (Jun-30-2023),0.1 (Jun-30-2023),--,--,0.9 (Jun-30-2023),--,--,--,--,--,--,--,--,--,--,--,--,--,--,--,--,--,31729,50.6,17.8,-,112.1,15334,"Terminals: 1,917.0 (12.5%);
CO2: 1,209.0 (7.9%);
Natural Gas Pipelines: 9,168.0 (59.7%);
Products Pipelines: 3,066.0 (20.0%)","U.S.: 15,255.0 (99.5%);
Mexico and Other Foreign: 79.0 (.5%)",0,9.0,0.0454146923337941,1.5728401808751689,4,0.8783686687221518,0.7966453392989885,7.333022516539986e-12,7.39539892672286e-12,0.001119864358167182,0.0009229807142999276,0.2874354561101549,0.23539740859761696,0.7661969391951858,1.0,0.002206628196193779,-1.223471234167018
476919,39529.6,21741.1,12.6,10,0.034,0.968,0.056,0.032,0.392,13.1,21.1,19,14.7,20.3,0.743,0.756,23.2,39.5,0.191,20.1,0.672,41.1,1.56,0.875,0.9 (Jun-30-2023),--,--,9.4 (Jun-30-2023),--,15.1 (Jun-30-2023),0.4 (Jun-30-2023),--,--,0.4 (Jun-30-2023),--,--,--,--,--,--,--,--,--,--,--,--,--,--,--,--,--,21741.1,28.8,63.3,-,24.3,39529.6,"Upstream - Oil Sands: 17,516.6 (38.3%);
Upstream - Conventional: 2,393.6 (5.2%);
Downstream - U.S.Refining: 19,985.2 (43.7%);
Downstream - Canadian Refining: 4,719.7 (10.3%);
Upstream - Offshore: 1,149.5 (2.5%)","Canada: 19,027.3 (48.1%);
United States: 19,644.4 (49.7%);
China: 857.9 (2.2%)",0,9.0,1.13033850110222,1.7448147392254905,2,0.7725724066223332,0.4517692215888657,5.580904382744463e-12,5.638094467023098e-12,0.0007276911351916141,0.0009158413439604128,0.3351831562704018,0.1517809588259679,0.7985184535792367,0.6979305054591538,0.0014025460171246953,-0.622215018714523
100057,10295,9602,14.8,12.3,-0.082,0.429,0.035,-0.035,0.341,16.9,73.5,49.3,8.25,11.8,0.411,1.4,48.5,66.6,0.932,8.27,0.521,128.6,1.05,0.923,1.4 (Jun-30-2023),--,--,6.2 (Jun-30-2023),--,9.5 (Jun-30-2023),0.1 (Jun-30-2023),--,--,1 (Jun-30-2023),--,--,--,--,--,--,--,--,--,--,--,--,--,--,--,--,--,9602,48.8,59.3,-,38.9,10645,"Exploration and Production: 10,500.0 (88.6%);
Midstream: 1,349.0 (11.4%)","United States: 6,092.0 (58.0%);
Malaysia & JDA: 925.0 (8.8%);
Guyana: 3,494.0 (33.2%)",0,10.0,1.2924939388061638,0.5118645037875604,2,0.587659699089574,0.465594981980325,5.83694536876724e-12,5.880338324293373e-12,0.0006727253722069751,0.00589153534419892,0.18238115021663007,0.13880993335482797,0.6812131523692014,0.8284862058880873,0.0013134436392721097,-0.7085070602913353
100751,4974.3,14780.8,11.2,9.96,0.047,0.197,-,0.009,1.55,10.8,53.4,85.8,14.5,19.5,0.543,1.35,26,55.7,1.18,9.62,1.2,119.4,0.988,0.489,1.1 (Jun-30-2023),--,--,24.7 (Jun-30-2023),--,15.5 (Jun-30-2023),0.6 (Jun-30-2023),--,--,0.4 (Jun-30-2023),--,--,--,--,--,--,--,--,--,--,--,--,--,--,--,--,--,14780.8,30.8,47.1,-,13.8,6908.9,"Oil & Gas - Integrated: 4,974.3 (100.0%)","United States: 4,974.3 (100.0%)",0,10.0,-0.0,-0.0,4,0.8783686687221518,0.7966453392989884,7.333022516539986e-12,7.39539892672286e-12,0.001119864358167182,0.0009229807142999276,0.2874354561101549,0.23539740859761696,0.7661969391951858,1.0,0.002206628196193779,-1.223471234167018
101618,2040.3,3174,10.3,8.41,-0.047,0.238,0.003,-0.011,0.443,9.85,60.1,56.4,8.87,8.71,0.44,2.28,38.2,49.6,1.32,4.08,0.963,70.3,0.562,0.382,0.5 (Jun-30-2023),--,--,6.2 (Jun-30-2023),--,8.2 (Jun-30-2023),0.1 (Jun-30-2023),--,--,0.8 (Jun-30-2023),--,--,--,--,--,--,--,--,--,--,--,--,--,--,--,--,--,2963.4,47,35.6,-,37.3,2040.3,"Pipeline and Storage: 376.4 (15.8%);
Utility: 832.7 (35.0%);
Exploration and Production: 935.5 (39.4%);
Gathering: 232.3 (9.8%)","United States: 2,040.3 (100.0%)",-,10.0,-0.0,1.8085330557196873,---,0.8783686687221518,0.7966453392989884,7.333022516539986e-12,7.39539892672286e-12,0.001119864358167182,0.0009229807142999276,0.2874354561101549,0.23539740859761696,0.7661969391951858,1.0,0.002206628196193779,-1.223471234167018
350757,6453,11205,11.9,10.5,-0.054,0.33,-,-0.018,1.18,12.1,76.5,66.8,12,12.9,0.72,1.25,32.8,67.8,0.88,1.96,0.828,94.4,0.4,0.336,0.7 (Jun-30-2023),--,--,8.3 (Jun-30-2023),--,15.1 (Jun-30-2023),0.4 (Jun-30-2023),--,--,0.5 (Jun-30-2023),--,--,--,--,--,--,--,--,--,--,--,--,--,--,--,--,--,11205,35,70.3,-,16.2,6697,"International: 208.0 (3.2%);
United States: 6,199.0 (96.8%)","United States: 6,221.0 (96.8%);
Equatorial Guinea: 204.0 (3.2%)",0,10.0,0.2043246709802796,0.2043246709802796,2,0.8587981005224149,0.7711733604107869,7.311517803278298e-12,7.371883103373786e-12,0.0010909962871512371,0.0030443962468030554,0.27823752151462994,0.22788480482991486,0.759110764768275,0.9760109183076622,0.0021457773042675883,-1.1843628551834684
126668,5889,15275,7.62,5.98,0.018,0.198,0.212,0.004,1.01,8.05,37.7,60.8,20.6,23.5,0.529,1.09,26.4,42.5,1.05,6.45,1.47,239,1.48,1.04,1.3 (Dec-31-2022),--,--,16.1 (Dec-31-2022),--,22.8 (Dec-31-2022),0.5 (Dec-31-2022),--,--,0.3 (Dec-31-2022),--,--,--,--,--,--,--,--,--,--,--,--,--,--,--,--,--,15275,-,-,-,25.4,0,"Queensland & NSW: 1,316.0 (22.3%);
Cooper Basin: 624.0 (10.6%);
Papua New Guinea (PNG): 2,855.0 (48.5%);
Corporate, Exploration, Eliminations & Other: 105.0 (1.8%);
Western Australia: 848.0 (14.4%);
Northern Australia & Timor-Leste: 141.0 (2.4%)","Australia: 3,150.0 (52.2%);
Papua New Guinea: 2,884.0 (47.8%)",0,10.0,0.9986030202378096,1.96836423406407,2,0.40680266568551726,0.027284344718352067,1.1493781906317645e-11,1.1792528865340756e-11,5.510469212688098e-05,0.0006301713105471813,0.17039586919104993,0.01234972806927413,0.6853470571682143,0.14221675765256386,0.00011252306835667254,-0.05333694816944701
619894,4146.5,4820.7,7.04,6.09,0.075,0.559,0.586,0.042,0.55,12,32.2,28.5,19,22.8,0.748,0.958,21,51.8,0.324,17.2,0.753,117.1,1.41,1.16,1.6 (Jun-30-2023),--,--,11.4 (Jun-30-2023),--,23.8 (Jun-30-2023),0.5 (Jun-30-2023),--,--,0.5 (Jun-30-2023),--,--,--,--,--,--,--,--,--,--,--,--,--,--,--,--,--,4820.7,20.2,94.7,-,41.4,4146.5,"Other Operations: 79.1 (1.9%);
Drilling Services: 1,976.4 (47.0%);
Completion Services: 2,017.4 (47.9%);
Drilling Products: 134.7 (3.2%)","United States: 4,057.2 (97.8%);
Colombia: 50.7 (1.2%);
International (excluding Colombia): 38.6 (.9%)",0,10.0,0.16784603739710385,1.2881512929134786,4,0.8704899317288122,0.7873747817847292,7.291501564189843e-12,7.353688543927492e-12,0.0017914921824531966,0.004587314697545736,0.2903540719078733,0.23298251129246628,0.7640984164654533,0.9923678193516368,0.0032249583209001866,-1.2090737832179965
349085,27235.5,30161.4,16.7,13.7,-0.011,0.474,-,-0.005,0.445,15.4,50.6,45.9,19.4,26.4,1,0.653,19.8,34.2,0.343,10.8,0.679,59.6,0.964,0.617,0.5 (Jun-30-2023),--,--,14.5 (Jun-30-2023),--,22.1 (Jun-30-2023),0.8 (Jun-30-2023),--,--,0.3 (Jun-30-2023),--,--,--,--,--,--,--,--,--,--,--,--,--,--,--,--,--,30161.4,33,69.9,-,47.3,27235.5,"Exploration and Production - North America: 13,112.7 (48.1%);
Exploration and Production - North Sea: 333.9 (1.2%);
Exploration and Production - Offshore Africa: 439.2 (1.6%);
Midstream and Refining: 758.7 (2.8%);
Inter-Segment Elimination and Other: 248.4 (.9%);
Oil Sands Mining and Upgrading: 12,342.6 (45.3%)",-,0,10.0,,1.4029807618128567,2,,,,,,,,,,,,
316057,5911.4,12235.6,8.68,8,-0.019,0.254,0.191,-0.005,1.63,14.4,31.5,46,3.86,6.4,0.189,1.28,40.4,78.5,1.47,10.9,0.879,465.7,3,2.71,--,--,0.6 (Mar-31-2023),2.4 (Mar-31-2023),--,--,--,--,--,--,0.5 (Mar-31-2023),--,--,--,--,--,--,--,--,--,--,--,--,--,--,--,--,12235.6,34.4,30.1,-,-557.3,0,"Power: 259.9 (4.2%);
Oil & Gas: 98.8 (1.6%);
Property: 43.8 (.7%);
Investments & Others: 37.8 (.6%);
Leisure & Hospitality - Malaysia: 1,554.2 (25.1%);
Leisure & Hospitality - Singapore: 1,789.5 (28.8%);
Leisure & Hospitality - UK and Egypt: 363.5 (5.9%);
Leisure & Hospitality - United States of America and Bahamas: 1,300.7 (21.0%);
Plantation - Downstream Manufacturing: 243.5 (3.9%);
Plantation - Oil Palm Plantation: 511.6 (8.2%)",-,0,10.0,,2.591832411453074,4,,,,,,,,,,,,
369467,25744.1,12129.6,13.3,9.39,0.034,1.16,0.059,0.039,1,16.8,24.1,12.6,27.2,40.5,0.687,0.549,20.2,31.3,0.123,6.67,0.351,64.2,1.32,0.795,--,56.1 (Jun-30-2023),--,--,--,--,0.7 (Jun-30-2023),--,--,0.2 (Jun-30-2023),--,--,--,--,--,--,--,--,--,--,--,--,--,--,--,14 (Jun-30-2023),High (Jun-30-2023),12129.6,-,-,-,34.7,25910.4,-,-,0,10.0,,,0,,,,,,,,,,,,
543281,70619.4,40413.8,15.4,-,-,-,-,-,-,-,20.7,17.7,-,18,-,0.847,29.9,-,0.244,-,-,34.6,-,-,--,--,0.2 (Mar-31-2023),12 (Mar-31-2023),--,--,--,--,--,--,0.3 (Mar-31-2023),--,--,--,--,--,--,--,--,--,--,--,--,--,--,2 (Mar-31-2023),High (Mar-31-2023),36684.4,-,-,-,52.3,78341.6,"In India - Refining & Marketing: 67,348.7 (78.9%);
Outside India: 1,167.1 (1.4%);
In India - Exploration and Production (E&P) - Offshore: 11,460.1 (13.4%);
In India - Exploration and Production (E&P) - Onshore: 5,335.3 (6.3%);
Unallocated: 18.4 (.0%)",-,0,10.0,,0.9958142334308256,0,,,,,,,,,,,,
669536,10661,10370,17.2,14.7,-0.077,0.533,0.244,-0.041,0.441,20,46.6,44.9,11.7,13.8,0.624,1.35,38.9,69.5,0.627,11.2,0.839,60.4,0.596,0.5,0.4 (Jun-30-2023),--,--,12.3 (Jun-30-2023),--,10.8 (Jun-30-2023),0.2 (Jun-30-2023),--,--,0.7 (Jun-30-2023),--,--,--,--,--,--,--,--,--,--,--,--,--,--,--,--,--,10370,43.6,50.7,-,6.57,10883,"Corporate & Other: 71.0 (.4%);
Canadian Operations: 2,215.0 (11.5%);
USA Operations: 5,570.0 (28.8%);
Market Optimization - Marketing Sales: 11,474.0 (59.4%)","Canada: 2,518.0 (23.5%);
United States: 8,214.0 (76.5%)",0,10.0,0.7866261099706012,1.3543638072579276,2,0.8333316484261817,0.6259650248339093,6.51852692084325e-12,6.5775257980212585e-12,0.0008858540257770012,0.0009188503034331034,0.31124369398777374,0.1863270113130268,0.783589085871377,0.8631677105673621,0.0017510738902727734,-0.9536170463277397
323531,21039.6,18963.3,9.07,-,-,-,-,-,-,-,40.8,28.4,-,4.06,-,4.29,58.5,-,1.27,-,-,18,-,-,--,--,0 (Mar-31-2023),3 (Mar-31-2023),--,--,--,--,--,--,0.3 (Mar-31-2023),--,--,--,--,--,--,--,--,--,--,--,--,--,--,0.6 (Mar-31-2023),Moderately High (Mar-31-2023),18381.9,-,-,-,42.9,21275.4,"Generation of Energy: 20,438.6 (91.4%);
Others: 1,852.9 (8.3%);
Unallocated Corporate Interest and Other Income: 70.9 (.3%)",-,0,10.0,,0.44175109983505306,4,,,,,,,,,,,,
537229,7959,17430,16.3,15,-0.129,0.274,-,-0.035,0.309,16.9,84,76.5,30.1,30.9,0.87,1.02,25.5,58.8,0.855,141.3,0.885,110.4,0.769,0.678,0.4 (Jun-30-2023),--,--,18.5 (Jun-30-2023),--,22.8 (Jun-30-2023),0.2 (Jun-30-2023),--,--,0.4 (Jun-30-2023),--,--,--,--,--,--,--,--,--,--,--,--,--,--,--,--,--,17430,26.4,89.4,-,50,8412,"Upstream: 8,344.0 (95.5%);
All Other: 397.0 (4.5%)","United States: 7,959.0 (100.0%)",0,10.0,-0.0,0.2647650339356807,4,0.8783686687221518,0.7966453392989884,7.333022516539986e-12,7.39539892672286e-12,0.001119864358167182,0.0009229807142999276,0.2874354561101549,0.23539740859761696,0.7661969391951858,1.0,0.002206628196193779,-1.223471234167018
662255,790.8,2857.6,15.1,15,0.107,0.199,-,0.021,0.012,15.4,100,93.6,13.2,15.4,0.589,1.43,27.5,97,1.37,-,0.807,174.2,4.32,4.17,4.5 (Mar-31-2023),--,--,15.6 (Mar-31-2023),--,17 (Mar-31-2023),0.7 (Mar-31-2023),--,--,0.3 (Mar-31-2023),--,--,--,--,--,--,--,--,--,--,--,--,--,--,--,- (Mar-31-2023),- (Mar-31-2023),2857.6,-,-,-,-,827.7,Acquisition of Oil and Natural Gas Properties: 790.8 (100.0%),United States: 790.8 (100.0%),0,10.0,-0.0,-0.0,2,0.8783686687221518,0.7966453392989884,7.333022516539986e-12,7.39539892672286e-12,0.001119864358167182,0.0009229807142999276,0.2874354561101549,0.23539740859761696,0.7661969391951858,1.0,0.002206628196193779,-1.223471234167018
111627,3448.9,5549.7,13.1,10.6,-0.059,0.353,-,-0.021,1.3,11.8,76,57.9,15.9,21.8,0.837,0.738,26.4,49.5,0.606,9.9,0.667,88.8,0.889,0.781,0.8 (Jun-30-2023),--,--,12 (Jun-30-2023),--,15.7 (Jun-30-2023),0.3 (Jun-30-2023),--,--,0.5 (Jun-30-2023),--,--,--,--,--,--,--,--,--,--,--,--,--,--,--,--,--,5549.7,33.1,73.9,-,30.2,3460.1,"Corporate: 3.4 (.1%);
Exploration and Production - Other: 11.0 (.3%);
Exploration and Production - United States: 2,928.3 (84.6%);
Exploration and Production - Canada: 517.5 (15.0%)","Canada: 516.1 (15.0%);
Other: 11.0 (.3%);
United States: 2,921.8 (84.7%)",0,11.0,0.6385998126311692,0.6497678738460639,2,0.8495351338861735,0.6873726396265163,6.811567345262278e-12,6.8717813962367624e-12,0.000970046607645288,0.0009203363487350472,0.30267793111663316,0.20398163108342107,0.7773317137376586,0.9123974330869388,0.001914973889067503,-1.0507055832743752
101732,28257,30349,10.5,8.07,-0.019,0.382,0.058,-0.007,1.14,10.1,60.1,46.1,13,14.7,0.589,1.4,36.7,47.9,0.74,8.33,0.725,68.7,0.916,0.514,0.8 (Jun-30-2023),--,--,9.5 (Jun-30-2023),--,15.3 (Jun-30-2023),0.4 (Jun-30-2023),--,--,0.7 (Jun-30-2023),--,--,--,--,--,--,--,--,--,--,--,--,--,--,--,--,--,30349,59,35.6,-,16.3,28918,"Chemical: 5,321.0 (18.3%);
Oil and Gas: 21,284.0 (73.0%);
Midstream and Marketing: 2,551.0 (8.7%)","United States: 24,736.0 (84.6%);
International: 4,488.0 (15.4%)",0,11.0,0.6197604376555947,1.0862956928670808,2,0.8783686687221518,0.7966453392989884,7.333022516539986e-12,7.39539892672286e-12,0.001119864358167182,0.0009229807142999276,0.2874354561101549,0.23539740859761696,0.7661969391951858,1.0,0.002206628196193779,-1.223471234167018
107020,6522,5888,31.7,26.4,-0.045,0.544,0.005,-0.024,2.23,32.4,37.9,94.8,17.7,44.7,0.614,0.642,41,67.1,0.628,57.7,1.02,79,0.818,0.405,0.6 (Jun-30-2023),--,--,34.8 (Jun-30-2023),--,16.1 (Jun-30-2023),0.2 (Jun-30-2023),--,--,0.6 (Jun-30-2023),--,--,--,--,--,--,--,--,--,--,--,--,--,--,--,--,--,5888,41.5,48.5,-,0,6522,"Exploration and Production: 4,109.0 (39.6%);
Marketing: 6,277.0 (60.4%)",-,0,11.0,,0.968562600558214,4,,,,,,,,,,,,
348227,15099.3,11045,12.8,10.4,0.134,0.647,0.011,0.087,1.16,16.2,42.9,21.3,4.54,6.23,0.318,1.65,40.4,62.4,0.509,2.64,0.377,117,1.54,0.948,--,--,0.3 (Dec-31-2022),8 (Dec-31-2022),--,--,--,--,--,--,0.3 (Dec-31-2022),--,--,--,--,--,--,--,--,--,--,--,--,--,--,--,--,10699.2,-,-,-,161.2,0,"Energy - Gas: 702.4 (4.1%);
Energy - Mining: 1,498.3 (8.8%);
Energy - Fuels: 6,492.3 (38.2%);
Chemicals Africa: 3,657.4 (21.5%);
Chemicals America: 2,280.9 (13.4%);
Chemicals Eurasia: 2,358.1 (13.9%)",-,0,11.0,,2.2897486253192225,0,,,,,,,,,,,,
557305,4485.1,7214.1,4.03,3.71,-0.097,0.329,-,-0.032,0.136,4.06,64.7,27.9,8.44,25.7,0.221,1.49,35.9,70.4,1.01,-,0.343,38.8,0.328,0.305,0.3 (Jun-30-2023),--,--,18.8 (Jun-30-2023),--,16.2 (Jun-30-2023),0.2 (Jun-30-2023),--,--,0.6 (Jun-30-2023),--,--,--,--,--,--,--,--,--,--,--,--,--,--,--,--,--,7214.1,41.4,52.1,-,53,4682,"Exploration and Production: 4,475.9 (78.2%);
Marketing: 206.1 (3.6%);
Equity Method Investment in Antero Midstream Corporation: 1,041.8 (18.2%)","United States: 4,485.1 (100.0%)",0,11.0,-0.0,0.8974269685996517,2,0.8783686687221518,0.7966453392989884,7.333022516539986e-12,7.39539892672286e-12,0.001119864358167182,0.0009229807142999276,0.2874354561101549,0.23539740859761696,0.7661969391951858,1.0,0.002206628196193779,-1.223471234167018
127958,36933.1,26613,18.8,14.7,0.185,0.507,0.135,0.094,0.43,24.7,39.1,41,2.86,8.51,0.187,1.56,48.1,59.1,0.74,2.19,0.354,166.4,1.58,1.28,--,--,0.1 (Mar-31-2023),10 (Mar-31-2023),--,--,--,--,--,--,0.5 (Mar-31-2023),--,--,--,--,--,--,--,--,--,--,--,--,--,--,9.6 (Mar-31-2023),High (Mar-31-2023),26613,51,30.3,-,0,0,"Exploration and Production: 21,013.0 (42.1%);
Refining and Petrochemical: 21,204.8 (42.5%);
Midstream: 4,003.5 (8.0%);
Energy Transmission and Toll Roads: 3,657.3 (7.3%)","Central America and The Caribbean: 679.8 (1.8%);
Colombia: 18,519.6 (50.1%);
Europe: 709.8 (1.9%);
United States: 6,451.2 (17.5%);
Asia: 7,444.9 (20.2%);
South America and Others: 3,127.7 (8.5%)",-,11.0,1.920994054831673,1.6174301543931837,---,0.38579758745174797,0.22353515238561242,4.663249580098987e-12,4.712655075647627e-12,0.04103177748693916,0.21882017169118578,0.45315115940958434,0.08534518754942298,0.6204488347759353,0.5187667530237849,0.06270764106482675,-0.3337898028006963
414358,18101.3,22925.2,4.98,4.52,0.032,0.484,0.109,0.016,1.18,9.94,31.4,18.1,5.9,5.27,0.432,1.22,25.1,59,0.471,9.09,0.648,133.9,2.24,1.83,--,5.2 (Mar-31-2023),--,--,--,--,0.2 (Mar-31-2023),--,--,0.4 (Mar-31-2023),--,--,--,--,--,--,--,--,--,--,--,--,--,--,--,7.5 (Mar-31-2023),High (Mar-31-2023),22925.2,19.5,69.6,-,36.9,20384.8,"UPSTREAM: 5,128.5 (22.6%);
Other: 689.1 (3.0%);
DOWNSTREAM: 13,951.1 (61.4%);
Oil Transportation: 953.3 (4.2%);
NC KMG: 2,011.9 (8.8%)","Kazakhstan: 3,208.1 (17.5%);
Other Countries: 15,141.0 (82.5%)",-,11.0,0.6690158350565576,1.569383572033919,---,0.39697455247631275,0.02064249627973133,1.1367405562373357e-11,1.1303434875513373e-11,0.003154243672429558,0.0453430610113883,0.31010742477298353,0.013496267374336117,0.4726930320150659,-0.16828329108988108,0.0038344154489064063,-0.002394054317560254
310154,2553.3,3765.6,21.8,18.5,0.034,0.354,-,0.012,0.401,21.4,44.8,67.7,7.89,14.7,0.543,0.87,29.4,52.4,0.706,102.7,0.854,114.7,1.49,0.848,0.9 (Jun-30-2023),--,--,16.5 (Jun-30-2023),--,11.6 (Jun-30-2023),0.7 (Jun-30-2023),--,--,0.5 (Jun-30-2023),--,--,--,--,--,--,--,--,--,--,--,--,--,--,--,--,--,3765.6,35.7,55.9,-,8.87,3374.4,"Oil & Gas - Exploration & Production: 2,553.3 (100.0%)","United States: 2,553.3 (100.0%)",0,12.0,-0.0,-0.0,6,0.8783686687221518,0.7966453392989884,7.333022516539986e-12,7.39539892672286e-12,0.001119864358167182,0.0009229807142999276,0.2874354561101549,0.23539740859761696,0.7661969391951858,1.0,0.002206628196193779,-1.223471234167018
301238,6047,10729,17.1,15.3,0.05,0.421,-,0.021,0.726,21,35.9,61.8,22.9,37.4,1.12,0.27,16.5,58.3,0.352,41.2,1.1,133.9,1.99,1.3,1.3 (Jun-30-2023),--,--,31.6 (Jun-30-2023),--,21.2 (Jun-30-2023),0.8 (Jun-30-2023),--,--,0.2 (Jun-30-2023),--,--,--,--,--,--,--,--,--,--,--,--,--,--,--,--,--,10729,11.7,161.3,-,20.1,8721,"Exploration and Production: 6,047.0 (100.0%)","United States: 6,047.0 (100.0%)",0,12.0,-0.0,-0.0,2,0.8783686687221518,0.7966453392989884,7.333022516539986e-12,7.39539892672286e-12,0.001119864358167182,0.0009229807142999276,0.2874354561101549,0.23539740859761696,0.7661969391951858,1.0,0.002206628196193779,-1.223471234167018
119176,1462.7,4361,30,26,-0.015,0.17,0.269,-0.002,1.27,30,62.5,182.7,5.69,19.2,0.344,0.859,31.8,55.5,1.62,2.13,0.892,-390.5,0.513,0.17,0.5 (Jun-30-2023),--,--,18.6 (Jun-30-2023),--,6.4 (Jun-30-2023),0.2 (Jun-30-2023),--,--,0.6 (Jun-30-2023),--,--,--,--,--,--,--,--,--,--,--,--,--,--,--,--,--,4361,37.1,33.5,-,0,3434.9,"Coalbed Methane: 130.8 (8.7%);
Other: 138.6 (9.2%);
Shale: 1,237.0 (82.1%)","United States: 1,503.4 (100.0%)",-,12.0,-0.0,0.8567837644964249,---,0.8783686687221518,0.7966453392989884,7.333022516539986e-12,7.39539892672286e-12,0.001119864358167182,0.0009229807142999276,0.2874354561101549,0.23539740859761696,0.7661969391951858,1.0,0.002206628196193779,-1.223471234167018
103887,105515.7,78795.6,27.6,19.4,-0.051,0.487,0.029,-0.025,0.785,28.5,52.7,48.1,15.7,19.9,0.712,0.834,41.1,45.3,0.592,5.22,0.799,108,0.958,0.675,--,--,0.2 (Jun-30-2023),17.9 (Jun-30-2023),--,--,--,--,--,--,0 (Jun-30-2023),--,--,--,--,--,--,--,--,--,--,--,--,--,--,5.6 (Jun-30-2023),High (Jun-30-2023),78795.6,48.2,56.6,-,0.449,0,"Gas & Power: 11,432.9 (6.4%);
Corporate and Others: 374.9 (.2%);
Exploration and Production: 68,819.7 (38.6%);
Refining, Transport and Commercialization: 97,755.3 (54.8%)","Brazil: 78,584.8 (74.5%);
China: 7,493.1 (7.1%);
Americas (Except United States of America): 4,996.8 (4.7%);
Europe: 5,707.6 (5.4%);
United States of America: 4,001.8 (3.8%);
Singapore: 3,160.8 (3.0%);
Asia (Except China and Singapore): 1,496.6 (1.4%);
Others: 74.2 (.1%)",0,12.0,1.4492747273082647,1.2773742868142395,0,0.2925316551065284,0.22057204963019525,0.7942430703631297,0.7942430703631442,0.0007679627325690892,0.0005895839345334505,0.29350308478127746,0.2047186072716863,0.7383012022351852,0.3639520805645061,0.001406796492962222,-0.09490072301302756
396795,8139.5,9543.9,6.64,5.54,-0.06,0.295,0.552,-0.018,1.06,27.8,26.7,25,1.92,1.9,0.172,2.61,54.1,69,1.53,4.76,0.989,230.3,1.62,1.44,--,--,0.3 (Mar-31-2023),1.1 (Mar-31-2023),--,--,--,--,--,--,0.5 (Mar-31-2023),--,--,--,--,--,--,--,--,--,--,--,--,--,--,- (Mar-31-2021),- (Mar-31-2021),9111.6,52.2,18.2,-,105.3,0,"Segment Adjustment: .1 (.0%);
Lubricants: 2,041.7 (3.9%);
Gas and Energy: 3,775.3 (7.1%);
Logistics: 2,110.9 (4.0%);
Ra√≠zen: 44,763.5 (84.6%);
Cosan Investments - Land: 223.4 (.4%);
Cosan Investments - Other Investments: .8 (.0%)","Segment Adjustment: 1,081.3 (13.4%);
Brazil: 7,014.7 (86.6%)",-,12.0,0.5683070291874017,0.875205709106655,---,0.24336861610867425,0.14091451019556245,1.0,1.0,0.00042605254658684643,0.000550031343422142,0.3269630245118405,0.15028149701850546,0.813407797043098,0.4072309417040359,0.00089122734258031,-0.1570883837757893
543372,2359.6,1156.4,9.94,7.96,-0.069,0.863,0.054,-0.059,0.499,16.9,11.8,14.3,8.92,9.25,0.334,1.79,44.8,62.1,0.416,1.46,1.17,107.9,0.732,0.657,0.7 (Dec-31-2022),--,--,5.6 (Dec-31-2022),--,7 (Dec-31-2022),0.2 (Dec-31-2022),--,--,0.4 (Dec-31-2022),--,--,--,--,--,--,--,--,--,--,--,--,--,--,--,--,--,1151.7,-,-,-,21.8,0,"Segment Adjustment: 295.2 (12.5%);
Sales and Distribution of Natural Gas and Other Related Products: 1,839.9 (78.0%);
Gas Pipeline Construction and Connection: 153.5 (6.5%);
Exploitation and Production of Crude Oil and Natural Gas: 71.0 (3.0%)",-,-,12.0,,1.0626829786395247,---,,,,,,,,,,,,
691438,3751,1540,23.6,9.48,-0.123,0.379,0.66,-0.047,1.07,19.4,37.2,64,20.8,25.6,1.81,0.342,29.7,14.1,0.315,11.3,1.54,116.6,0.821,0.503,--,27.4 (Dec-31-2022),--,--,--,--,1.2 (Dec-31-2022),--,--,1.8 (Dec-31-2022),--,--,--,--,--,--,--,--,--,--,--,--,--,--,--,--,--,1540,71,83.8,-,2335.4,3751,"Acquisition, Exploration, Development and Production of Oil and Gas Reserves: 3,751.0 (100.0%)","International: 237.0 (6.4%);
North Sea: 3,478.0 (93.6%)",0,12.0,0.34312290713202054,-0.0,2,,,,,,,,,,,,
414178,2268.8,3615.9,17.6,15.5,-0.14,0.356,-,-0.05,0.612,19.4,81.4,73.9,17.2,21.4,0.975,0.511,28.8,58.4,0.712,142,0.852,210.4,1.45,1.34,1.2 (Jun-30-2023),--,--,16.1 (Jun-30-2023),--,16.5 (Jun-30-2023),0.2 (Jun-30-2023),--,--,0.5 (Jun-30-2023),--,--,--,--,--,--,--,--,--,--,--,--,--,--,--,--,--,3615.9,28.6,107.7,-,9.07,2373.9,"Exploration and Production Segment of the Oil and Gas Industry: 2,268.8 (100.0%)","United States: 2,268.8 (100.0%)",0,13.0,-0.0,-0.0,0,0.8783686687221518,0.7966453392989884,7.333022516539986e-12,7.39539892672286e-12,0.001119864358167182,0.0009229807142999276,0.2874354561101549,0.23539740859761696,0.7661969391951858,1.0,0.002206628196193779,-1.223471234167018
349128,1362.5,2649.6,13.4,10.8,-0.075,0.41,-,-0.031,2.04,14.4,53.4,51.2,144.3,141.7,32.1,0,0.828,3.28,0.016,329,0.976,51.1,0.714,0.654,0.9 (Jun-30-2023),--,--,191.3 (Jun-30-2023),--,279.2 (Jun-30-2023),15.7 (Jun-30-2023),--,--,0 (Jun-30-2023),--,--,--,--,--,--,--,--,--,--,--,--,--,--,--,--,--,2649.6,12.1,198.2,-,75.6,1402.7,-,"Canada: 1,362.5 (100.0%)",0,13.0,-0.0,,0,0.6867217738456833,0.07034612880929014,3.867083811447491e-12,3.915087740758599e-12,0.0001240757096983278,0.0009054044978453565,0.3887471066532138,0.026587207386595146,0.8402060739874883,0.41773493858451943,0.00026809923482779853,-0.07515554123391914
624434,312.4,328.5,5.84,4.95,-0.177,0.276,-,-0.049,1.22,8.21,95.2,47.7,6.86,8.44,0.198,3.76,64.5,77,1.98,61,0.413,379.3,0.95,0.914,0.9 (Mar-31-2023),--,--,2.8 (Mar-31-2023),--,2.2 (Mar-31-2023),0 (Mar-31-2023),--,--,1.8 (Mar-31-2023),--,--,--,--,--,--,--,--,--,--,--,--,--,--,--,- (Mar-31-2023),- (Mar-31-2023),291.9,68.8,10.1,-,0,312.4,Oil & Gas - Exploration & Production: 312.4 (100.0%),-,-,13.0,,-0.0,---,,,,,,,,,,,,
397383,4280.5,3427.9,14.5,12.8,0.021,0.82,0.001,0.017,1.05,14.9,45.3,26.1,11.8,13.1,0.975,0.81,22.7,58.3,0.245,101.5,0.527,45.3,1.48,1.07,1 (Jun-30-2023),--,--,6.4 (Jun-30-2023),--,10.1 (Jun-30-2023),0.6 (Jun-30-2023),--,--,0.4 (Jun-30-2023),--,--,--,--,--,--,--,--,--,--,--,--,--,--,--,--,--,3427.9,25.4,91.6,-,0,4280.5,"Oil & Gas - Exploration & Production: 4,280.5 (100.0%)","Canada: 1,288.8 (27.9%);
United States: 3,337.0 (72.1%)",0,13.0,0.8540846597591107,-0.0,0,0.8248991850516171,0.5940078595723625,6.366025617819181e-12,6.424392105838831e-12,0.0008420393252443715,0.0009180769499091022,0.31570140661166834,0.17713936245974185,0.7868454878022383,0.8375480478650809,0.0016657786159726704,-0.9030911558386832
565046,2617.4,4127.7,17.4,15.7,0.006,0.339,-,0.002,0.156,17.2,80.6,73.7,15.4,16.4,0.828,1.11,32.4,62.7,0.862,49.2,0.885,111.8,1.05,0.767,0.9 (Jun-30-2023),--,--,16.4 (Jun-30-2023),--,21.7 (Jun-30-2023),0.3 (Jun-30-2023),--,--,0.6 (Jun-30-2023),--,--,--,--,--,--,--,--,--,--,--,--,--,--,--,--,--,4127.7,38.4,71.5,-,9.99,2806.8,"Exploration and Production: 2,562.3 (84.2%);
Midstream: 480.1 (15.8%)","United States: 2,617.4 (100.0%)",0,13.0,-0.0,0.6295033782281991,2,0.8783686687221518,0.7966453392989884,7.333022516539986e-12,7.39539892672286e-12,0.001119864358167182,0.0009229807142999276,0.2874354561101549,0.23539740859761696,0.7661969391951858,1.0,0.002206628196193779,-1.223471234167018
495324,3636.6,5076.6,24.4,19.8,-0.012,0.525,-,-0.006,0.047,25.8,56,54.1,63.6,71.5,4.23,0.055,7.69,23.3,0.118,150.8,0.894,176.2,1.22,1.08,0.9 (Jun-30-2023),--,--,68.1 (Jun-30-2023),--,73.3 (Jun-30-2023),3.1 (Jun-30-2023),--,--,0.1 (Jun-30-2023),--,--,--,--,--,--,--,--,--,--,--,--,--,--,--,--,--,5076.6,10.2,285.6,-,49.7,3896.6,"Exploration and Production of Crude Oil, NGLs and Natural Gas: 3,636.6 (100.0%)","United States: 3,636.6 (100.0%)",-,13.0,-0.0,-0.0,---,0.8783686687221518,0.7966453392989884,7.333022516539986e-12,7.39539892672286e-12,0.001119864358167182,0.0009229807142999276,0.2874354561101549,0.23539740859761696,0.7661969391951858,1.0,0.002206628196193779,-1.223471234167018
643395,2453.5,2860.1,30.6,25.3,0.082,0.421,0.917,0.034,0.479,57.6,64.1,76.2,11.5,13.7,0.81,0.783,40.8,66.2,0.803,6.82,1.01,254.9,1.53,1.28,--,--,0.1 (Jun-30-2023),8.1 (Jun-30-2023),--,--,--,--,--,--,0.3 (Jun-30-2023),--,--,--,--,--,--,--,--,--,--,--,--,--,--,--,--,2860.1,42.6,77.6,-,0,0,"Oil and Gas Exploration and Production (E&P): 2,453.5 (100.0%)","Brazil: 13.0 (.5%);
Abroad: 2,440.5 (99.5%)",0,13.0,0.0454146923337941,-0.0,2,0.24336861610867425,0.14091451019556245,1.0,1.0,0.00042605254658684643,0.000550031343422142,0.3269630245118405,0.15028149701850546,0.813407797043098,0.4072309417040359,0.00089122734258031,-0.1570883837757893
547949,3479.2,6181.3,10.6,8.75,-0.226,0.247,-,-0.056,0.11,11.1,73.7,69.1,12.3,13.8,0.459,1.49,42,61.7,1.4,74.3,0.873,259.3,1.16,1.01,2.8 (Jun-30-2023),--,--,45.4 (Jun-30-2023),--,61.9 (Jun-30-2023),0.3 (Jun-30-2023),--,--,0.6 (Jun-30-2023),--,--,--,--,--,--,--,--,--,--,--,--,--,--,--,--,--,6181.3,45.7,44,-,85.3,0,"Acquisition, Development, and Production of Crude Oil and Associated Liquids-Rich Natural Gas: 3,479.2 (100.0%)","United States: 3,479.2 (100.0%)",0,13.0,-0.0,-0.0,0,0.8783686687221518,0.7966453392989884,7.333022516539986e-12,7.39539892672286e-12,0.001119864358167182,0.0009229807142999276,0.2874354561101549,0.23539740859761696,0.7661969391951858,1.0,0.002206628196193779,-1.223471234167018
633027,3120.9,9229.7,9.85,8.93,-0.202,0.209,-,-0.042,0.202,9.89,77.4,75.3,12.5,14.5,0.566,1.5,28.8,68.2,1.25,69.3,0.916,94.1,0.524,0.44,0.6 (Jun-30-2023),--,--,9 (Jun-30-2023),--,12.4 (Jun-30-2023),0.2 (Jun-30-2023),--,--,0.4 (Jun-30-2023),--,--,--,--,--,--,--,--,--,--,--,--,--,--,--,- (Mar-31-2022),- (Mar-31-2022),9229.7,28.5,80.3,-,5.62,0,"Exploration and Production of Oil and Natural Gas: 3,120.9 (100.0%)","United States: 3,120.9 (100.0%)",0,13.0,-0.0,-0.0,0,0.8783686687221518,0.7966453392989884,7.333022516539986e-12,7.39539892672286e-12,0.001119864358167182,0.0009229807142999276,0.2874354561101549,0.23539740859761696,0.7661969391951858,1.0,0.002206628196193779,-1.223471234167018
582476,2343,3991.4,13,11.6,-0.161,0.349,-,-0.056,1.56,13.3,60.5,56,6.09,7.52,0.548,1.48,33.3,73.3,0.851,49.6,0.77,49.3,0.39,0.325,1.2 (Jun-30-2023),--,--,11.5 (Jun-30-2023),--,17.7 (Jun-30-2023),0.1 (Jun-30-2023),--,--,0.6 (Jun-30-2023),--,--,--,--,--,--,--,--,--,--,--,--,--,--,--,--,--,3991.4,34.3,55.7,-,0,2343,"Oil & Gas - Exploration & Production: 2,343.0 (100.0%)","United States: 2,343.0 (100.0%)",0,14.0,-0.0,-0.0,0,0.8783686687221518,0.7966453392989884,7.333022516539986e-12,7.39539892672286e-12,0.001119864358167182,0.0009229807142999276,0.2874354561101549,0.23539740859761696,0.7661969391951858,1.0,0.002206628196193779,-1.223471234167018
598477,2566.7,1858.6,29.7,23.9,0.097,0.92,-,0.089,0.383,29.1,39.7,36.4,23,26,2.37,0.31,15.6,37.7,0.137,43.8,0.815,66.1,2.27,1.55,2.2 (Jun-30-2023),--,--,19.1 (Jun-30-2023),--,28.9 (Jun-30-2023),1.6 (Jun-30-2023),--,--,0.2 (Jun-30-2023),--,--,--,--,--,--,--,--,--,--,--,--,--,--,--,--,--,1858.6,32,106.1,-,33.3,2566.7,"Coal Operations - Appalachia: 883.3 (34.3%);
Coal Operations-Illinois Basin: 1,481.6 (57.6%);
Royalties - Oil & Gas: 141.5 (5.5%);
Royalties - Coal: 65.6 (2.6%)","United States: 2,566.7 (100.0%)",0,14.0,-0.0,1.3549530521185158,0,0.8783686687221518,0.7966453392989884,7.333022516539986e-12,7.39539892672286e-12,0.001119864358167182,0.0009229807142999276,0.2874354561101549,0.23539740859761696,0.7661969391951858,1.0,0.002206628196193779,-1.223471234167018
359929,2188.3,1995.5,14.2,12,0.144,0.32,0.018,0.046,0.696,25.5,69.3,53.5,3.72,4.97,0.31,2,54.1,64.5,1.43,3.45,0.638,207.7,1.34,0.937,--,--,0.2 (Mar-31-2023),3.7 (Mar-31-2023),--,--,--,--,--,--,0.7 (Mar-31-2023),--,--,--,--,--,--,--,--,--,--,--,--,--,--,- (Mar-31-2023),- (Mar-31-2023),1747.5,-,-,-,14.2,2233.4,"Exploration for and Production of Oil and Gas: 1,849.5 (78.0%);
Trading: 248.2 (10.5%);
Service: 26.2 (1.1%);
Power: 248.2 (10.5%)","Indonesia: 1,538.0 (68.9%);
Asia: 571.6 (25.6%);
Africa and Middle East: 123.8 (5.5%)",0,14.0,1.103669341424974,1.0343961377175197,2,0.19692728987380512,0.1472045698587247,4.315107814599579e-12,4.315081051837333e-12,1.0,1.0,0.32642886818208794,0.1940122094238612,0.38885641924800307,,1.0,-0.06991919292070495
349205,2054.2,2896.4,-3.42,-,-0.059,0.364,-,-0.022,1.41,-3.26,65.6,62.5,7.54,9.87,0.531,1.41,38.8,67.1,0.9,100.9,0.728,51.1,0.789,0.706,0.6 (Jun-30-2023),--,--,9.8 (Jun-30-2023),--,10.8 (Jun-30-2023),0.1 (Jun-30-2023),--,--,0.6 (Jun-30-2023),--,--,--,--,--,--,--,--,--,--,--,--,--,--,--,--,--,2896.4,39.6,41.3,-,-16.1,2054.2,"Oil & Gas - Exploration & Production: 2,054.2 (100.0%)","Canada: 1,147.8 (55.9%);
United States (U.S.): 906.4 (44.1%)",0,14.0,0.9899325174518773,-0.0,0,0.771238054486206,0.390644080635247,5.395562780393281e-12,5.449904973768838e-12,0.0005632185036730926,0.0009131556093018225,0.3440686687637248,0.11867250612065576,0.8075680455440829,0.6745138306687464,0.0011229905067901959,-0.5815627618174157
494882,1386.4,2295.6,-6.57,-,0.004,0.294,-,0.001,1.48,-5.65,67.1,83,12,17.8,1.06,0.544,22.1,30.2,0.529,55.3,0.834,64.9,1.18,0.552,0.8 (Jun-30-2023),--,--,19.8 (Jun-30-2023),--,14 (Jun-30-2023),0.7 (Jun-30-2023),--,--,0.2 (Jun-30-2023),--,--,--,--,--,--,--,--,--,--,--,--,--,--,--,--,--,2295.6,37.8,54.5,-,-27.5,1520.4,"Oil & Gas - Exploration & Production: 1,386.4 (100.0%)","Canada: 573.9 (41.4%);
France: 187.9 (13.6%);
Australia: 27.5 (2.0%);
Netherlands: 140.3 (10.1%);
Ireland: 229.0 (16.5%);
Corporate: 1.2 (.1%);
Germany: 143.5 (10.3%);
United States of America (USA): 83.0 (6.0%)",0,14.0,2.3853016608047,-0.0,0,0.7034315533473112,0.07582632058951892,3.603436555695004e-12,3.6685230647911146e-12,0.00010755030541174629,0.000761575383523784,0.407396046676566,0.028929544538009253,0.8694165326938803,0.6074223721307686,0.00025328357544020296,0.03357491826600426
465199,1148.6,1834,8.16,6.46,-0.142,0.381,-,-0.054,98.9,9,45,43.4,8.3,10.2,0.765,0.75,22.5,45.5,0.468,9.73,0.797,135.3,0.886,0.686,0.9 (Mar-31-2023),--,--,12.2 (Mar-31-2023),--,9.6 (Mar-31-2023),0.1 (Mar-31-2023),--,--,0.3 (Mar-31-2023),--,--,--,--,--,--,--,--,--,--,--,--,--,--,--,--,--,1834,29.5,56.3,-,0,1148.6,"Colombia: 1,089.6 (94.3%);
Midstream Colombia: 48.3 (4.2%);
Ecuador: 18.2 (1.6%)","Canada: 48.2 (4.1%);
Colombia: 134.8 (11.4%);
Peru: 3.8 (.3%);
United States: 262.2 (22.1%);
Panama: 666.7 (56.2%);
Jamaica: 69.9 (5.9%)",-,14.0,1.7606703058537858,0.3684572311903151,---,0.46045179534377073,0.18514881262428645,6.2681924872921406e-12,6.318429361229218e-12,0.006706821054776943,0.035656786173161314,0.33092492136031804,0.05919164118607856,0.6024753771889948,0.5304277515110157,0.0103405935407559,-0.28258724355319803
618494,956.3,1601.5,18.1,16.5,0.011,0.413,-,0.004,1.33,17.8,63.7,59.5,19.8,20.9,2.37,0.401,11,32.3,0.242,-,0.897,47.9,1.04,0.618,0.9 (Jun-30-2023),--,--,18.8 (Jun-30-2023),--,21.8 (Jun-30-2023),1 (Jun-30-2023),--,--,0.1 (Jun-30-2023),--,--,--,--,--,--,--,--,--,--,--,--,--,--,--,--,--,1601.5,14.3,233.7,-,0,948.8,Oil & Gas - Exploration & Production: 956.3 (100.0%),Canada: 956.3 (100.0%),0,14.0,-0.0,-0.0,0,0.6867217738456833,0.07034612880929014,3.867083811447491e-12,3.915087740758599e-12,0.0001240757096983278,0.0009054044978453565,0.3887471066532138,0.026587207386595146,0.8402060739874883,0.41773493858451943,0.00026809923482779853,-0.07515554123391914
605300,756.6,176,42,28,-0.107,0.744,-,-0.08,-,46.9,69.3,57.5,7.6,11,0.601,0.847,74,59.6,0.662,34.7,0.574,117.4,1.17,0.859,--,4.3 (Mar-31-2014),0.2 (Jun-30-2023),14.5 (Jun-30-2023),--,--,-0.3 (Mar-31-2014),--,--,0.7 (Mar-31-2014),-0.1 (Jun-30-2023),--,--,--,--,--,--,--,--,--,--,--,--,--,--,--,--,176,78.1,54.1,-,0,756.6,Oil & Gas - Exploration & Production: 756.6 (100.0%),-,-,14.0,,-0.0,---,,,,,,,,,,,,
688015,1158.2,1146.9,8.73,6.5,-0.05,0.279,1.25,-0.014,2.52,26.2,31.3,33.9,1.51,2.88,0.108,3.87,62.4,64.2,1.66,2.92,0.574,183.8,1.19,0.776,--,--,0.1 (Jun-30-2023),0.9 (Jun-30-2023),--,--,--,--,--,--,0.9 (Jun-30-2023),--,--,--,--,--,--,--,--,--,--,--,--,--,--,--,--,1146.9,64.3,8.37,-,0,0,"Exploration and Production (E&P): 917.5 (65.2%);
Mid & Dowstream: 490.6 (34.8%)","Brazil: 1,158.2 (100.0%)",0,14.0,-0.0,0.932269191548067,2,0.24336861610867425,0.14091451019556245,1.0,1.0,0.00042605254658684643,0.000550031343422142,0.32696302451184056,0.15028149701850546,0.813407797043098,0.4072309417040359,0.0008912273425803101,-0.1570883837757893
564786,2767,2219,17.4,12.3,-0.061,0.692,-,-0.042,1.13,18.4,54.8,25.9,11.7,14.1,1.07,0.144,21.6,34.3,0.22,76.6,0.43,112.3,1.51,1.26,1.4 (Jun-30-2023),--,--,390.5 (Jun-30-2023),--,403.5 (Jun-30-2023),0.7 (Jun-30-2023),--,--,0.3 (Jun-30-2023),--,--,--,--,--,--,--,--,--,--,--,--,--,--,--,- (Aug-24-2016),- (Aug-24-2016),2219,34.1,71.4,-,11.6,2801,"Oil & Gas - Exploration & Production: 2,767.0 (100.0%)","United States: 2,767.0 (100.0%)",-,14.0,-0.0,-0.0,---,0.8783686687221518,0.7966453392989884,7.333022516539986e-12,7.39539892672286e-12,0.001119864358167182,0.0009229807142999276,0.2874354561101549,0.23539740859761696,0.7661969391951858,1.0,0.002206628196193779,-1.223471234167018
593413,1676.6,1874.4,25.9,23.3,0.111,0.711,-,0.079,0.369,38,43.5,40.6,39,37.9,4.05,0,8.16,35.9,0.103,126.3,0.962,257.1,7.24,5.81,8.7 (Jun-30-2023),--,--,140.4 (Jun-30-2023),--,173.1 (Jun-30-2023),1.3 (Jun-30-2023),--,--,0.2 (Jun-30-2023),--,--,--,--,--,--,--,--,--,--,--,--,--,--,--,--,--,1874.4,12.3,246.8,-,12.8,1676.6,"Mining: 1,648.0 (98.3%);
ALL Other: 28.6 (1.7%)","United States: 33.0 (2.0%);
Asia: 477.9 (29.0%);
South America: 346.1 (21.0%);
Europe: 791.0 (48.0%)",0,14.0,1.611873042058034,0.12424761932804057,0,0.03513474674888607,0.031865813571959535,2.9332090066159946e-13,2.958159570689144e-13,4.479457432668728e-05,3.691922857199711e-05,0.011497418244406196,0.009415896343904677,0.03064787756780743,0.04,8.826512784775117e-05,-0.04893884936668071
630317,1227,1882.7,23.3,19.4,-0.094,0.445,-,-0.042,1.02,27.4,83.7,71.6,28,30.7,2.09,0.009,17.9,46.9,0.334,131.3,0.833,259.7,1.88,1.88,3.1 (Jun-30-2023),--,--,25 (Jun-30-2023),--,34.3 (Jun-30-2023),1.6 (Jun-30-2023),--,--,0.2 (Jun-30-2023),--,--,--,--,--,--,--,--,--,--,--,--,--,--,--,--,--,1882.7,22.8,150.1,-,26.2,1227,"Acquisition, Development, Exploration, and Production of Oil and Natural Gas Properties: 1,227.0 (100.0%)","United States: 1,227.0 (100.0%)",0,14.0,-0.0,-0.0,0,0.8783686687221518,0.7966453392989884,7.333022516539986e-12,7.39539892672286e-12,0.001119864358167182,0.0009229807142999276,0.2874354561101549,0.23539740859761696,0.7661969391951858,1.0,0.002206628196193779,-1.223471234167018
692232,985.8,617,7.72,5.21,-0.354,0.174,0.322,-0.062,0.658,7.51,45.3,55.8,2.6,4.07,0.114,4.93,81.9,62.1,3.19,1.06,0.803,252.7,0.544,0.471,--,3.6 (Mar-31-2023),--,--,--,--,0 (Mar-31-2023),--,--,10.7 (Mar-31-2023),--,--,--,--,--,--,--,--,--,--,--,--,--,--,--,- (Sep-30-2021),- (Sep-30-2021),650.2,87.5,7.9,-,616.7,0,Oil & Gas - Exploration & Production: 985.8 (100.0%),"Segment Adjustment: 374.9 (37.8%);
Egypt: 200.7 (20.2%);
Europe: 416.0 (42.0%)",0,14.0,1.5223148113708875,-0.0,0,0.05910247593134264,0.01575512393785023,4.251179873280882e-12,4.4866771757910416e-12,7.060668445343995e-05,0.00019799078968940495,0.1706578901416573,0.022469310878661077,0.2148679355649199,0.30766689663905955,0.00012013634468116844,-0.0015804721033748678
694503,2382.6,3635.7,11.6,9.57,-0.056,0.35,-,-0.02,0.267,10.8,54.7,62,6.42,10.1,0.549,1.15,30.4,53.8,0.716,221.8,0.717,97.9,0.821,0.679,0.9 (Jun-30-2023),--,--,10.3 (Jun-30-2023),--,8.6 (Jun-30-2023),0.2 (Jun-30-2023),--,--,0.4 (Jun-30-2023),--,--,--,--,--,--,--,--,--,--,--,--,--,--,--,--,--,3635.7,-,-,-,-,2382.6,"Exploration and Production of Crude Oil,Natural Gas and Ngls: 2,382.6 (100.0%)","United States: 2,382.6 (100.0%)",-,14.0,-0.0,-0.0,---,0.8783686687221518,0.7966453392989884,7.333022516539986e-12,7.39539892672286e-12,0.001119864358167182,0.0009229807142999276,0.2874354561101549,0.23539740859761696,0.7661969391951858,1.0,0.002206628196193779,-1.223471234167018
300138,1025.8,2205.9,33.9,30,0.062,0.314,-,0.019,0.301,42,61.8,126.9,12.7,23.6,1.06,0.506,23.6,64.2,0.665,56,1.14,-126.9,1.15,0.426,0.7 (Jun-30-2023),--,--,23.6 (Jun-30-2023),--,11.2 (Jun-30-2023),0.3 (Jun-30-2023),--,--,0.5 (Jun-30-2023),--,--,--,--,--,--,--,--,--,--,--,--,--,--,--,--,--,2205.9,26.4,84.5,-,0,1791.7,"Oil & Gas - Exploration & Production: 1,025.8 (100.0%)",-,-,15.0,,-0.0,---,,,,,,,,,,,,
691222,1065,1646.9,10.2,8.82,-0.023,0.334,-,-0.008,1.83,9.32,75,71.8,6.09,9.74,0.669,0.934,25.8,46.4,0.671,-,0.599,41.6,0.52,0.36,0.4 (Jun-30-2023),--,--,4 (Jun-30-2023),--,7.1 (Jun-30-2023),-0.6 (Jun-30-2023),--,--,0.5 (Jun-30-2023),--,--,--,--,--,--,--,--,--,--,--,--,--,--,--,--,--,1646.9,39.3,47.1,-,88.7,1077.2,"Oil & Gas - Exploration & Production: 1,065.0 (100.0%)","Canada: 1,065.0 (100.0%)",0,15.0,-0.0,-0.0,0,0.6867217738456833,0.07034612880929014,3.867083811447491e-12,3.915087740758599e-12,0.0001240757096983278,0.0009054044978453565,0.3887471066532138,0.026587207386595146,0.8402060739874883,0.41773493858451943,0.00026809923482779853,-0.07515554123391914
555513,232.5,989,9.07,8.41,-0.05,0.183,-,-0.009,1.71,8.73,69.5,75.2,30.4,29.1,3.17,0.33,4.91,20.6,0.248,-,1.13,57.4,0.744,0.546,1 (Jun-30-2023),--,--,14.7 (Jun-30-2023),--,16.2 (Jun-30-2023),3.5 (Jun-30-2023),--,--,0 (Jun-30-2023),--,--,--,--,--,--,--,--,--,--,--,--,--,--,--,--,--,989,6.05,295.8,-,0,262,"Oil and Gas Exploration, Development and Production: 232.5 (100.0%)",Canada: 232.5 (100.0%),0,15.0,-0.0,-0.0,0,0.6867217738456833,0.07034612880929014,3.867083811447491e-12,3.915087740758599e-12,0.0001240757096983278,0.0009054044978453565,0.3887471066532138,0.026587207386595146,0.8402060739874883,0.41773493858451943,0.00026809923482779853,-0.07515554123391914
563524,1701.5,1032.3,12.3,9.47,-0.132,0.345,-,-0.046,3.83,11.8,76.6,66.7,9.33,14.1,0.318,2,63.3,61.7,1.42,345.3,0.587,53.5,0.762,0.389,0.4 (Jun-30-2023),2.7 (Dec-31-2018),--,4.2 (Jun-30-2023),--,8.3 (Jun-30-2023),-0.1 (Jun-30-2023),--,--,2.6 (Jun-30-2023),--,--,--,--,--,--,--,--,--,--,--,--,--,--,--,--,--,1032.3,72.2,26.6,-,0,1701.5,"Exploration, Development and Production of Oil and Gas: 1,701.5 (100.0%)","Ghana: 1,062.1 (57.0%);
U.S. Gulf of Mexico: 375.0 (20.1%);
Equatorial Guinea: 267.5 (14.4%);
Corporate & Other: 157.8 (8.5%)",0,15.0,1.6324091427960254,-0.0,0,0.11095287678970733,0.004889380167061483,6.219353723395618e-12,6.146137577768904e-12,5.459225402779799e-05,0.013652266835001576,,0.017382325891762026,0.4941904809199476,0.5418604417785832,7.474151298423256e-05,-0.004444451850591264
618715,637,396.4,17.1,13.1,-0.255,0.48,-,-0.122,28.6,17.8,68.4,61.2,4.09,6.98,0.402,1.3,55.6,61,0.891,6.08,0.523,43.1,0.432,0.286,0.4 (Jun-30-2023),--,--,4.2 (Jun-30-2023),--,6.1 (Jun-30-2023),0 (Jun-30-2023),--,--,1.5 (Jun-30-2023),--,--,--,--,--,--,--,--,--,--,--,--,--,--,--,--,--,396.4,67.7,36.5,-,0,0,Exploration and Production of Oil and Natural Gas: 637.0 (100.0%),Colombia: 637.0 (100.0%),-,15.0,-0.0,-0.0,---,0.22837286677163326,0.0318243443726101,3.90754394765329e-12,3.95429234610499e-12,0.05652915986176339,0.30323053433207914,0.5282212594219242,0.03616838092268664,0.5930688139922506,0.370345096510041,0.0862188634844724,-0.035681530872766036
532909,1746.9,2047.7,28.8,25.4,0.066,0.39,-,0.026,0.52,28.1,80.1,92.6,8.66,11.8,0.645,1.13,46.5,75.3,1.05,-,0.845,169.2,1.32,0.99,1 (Jun-30-2023),--,--,12.8 (Jun-30-2023),--,10 (Jun-30-2023),-0.3 (Jun-30-2023),--,--,1.2 (Jun-30-2023),--,--,--,--,--,--,--,--,--,--,--,--,--,--,--,--,--,2047.7,47.7,67.9,-,15.1,2166.3,"Oil & Gas - Exploration & Production: 1,746.9 (100.0%)","United States: 1,746.9 (100.0%)",0,15.0,-0.0,-0.0,2,0.8783686687221518,0.7966453392989884,7.333022516539986e-12,7.39539892672286e-12,0.001119864358167182,0.0009229807142999276,0.2874354561101549,0.23539740859761696,0.7661969391951858,1.0,0.002206628196193779,-1.223471234167018
542568,904.9,1199,9.3,8.03,-0.021,0.583,-,-0.012,1.3,15.2,34.7,23.6,10.1,9.31,1.65,0,10.5,39.9,0.155,276.9,0.737,150.5,2.7,2.4,1.3 (Jun-30-2023),--,--,4.3 (Jun-30-2023),--,4.9 (Jun-30-2023),0.6 (Jun-30-2023),--,--,0.1 (Jun-30-2023),--,--,--,--,--,--,--,--,--,--,--,--,--,--,--,--,--,1199,14.4,93,-,0,891.3,"Thermal Oil: 865.8 (93.6%);
Light Oil: 59.4 (6.4%)",Canada: 904.9 (100.0%),0,15.0,-0.0,0.34312290713202054,0,0.6867217738456833,0.07034612880929014,3.867083811447491e-12,3.915087740758599e-12,0.0001240757096983278,0.0009054044978453565,0.3887471066532138,0.026587207386595146,0.8402060739874883,0.41773493858451943,0.00026809923482779853,-0.07515554123391914
561482,1785.1,464.4,33.5,17.3,-0.122,0.476,0.102,-0.058,1.06,31.4,38.5,50,5.64,6.65,0.606,1.1,68.5,40.4,0.743,3.17,1.17,119.5,0.698,0.598,--,6.1 (Dec-31-2022),--,--,--,--,0.6 (Dec-31-2022),--,--,2.3 (Dec-31-2022),--,--,--,--,--,--,--,--,--,--,--,--,--,--,--,--,--,484.2,-,-,-,0,0,"Oil & Gas - Exploration & Production: 1,785.1 (100.0%)","Malaysia: 155.2 (8.7%);
North Sea: 1,536.5 (86.1%);
ALL Other Segments: .3 (.0%);
Adjustments and Eliminations: 93.2 (5.2%)",-,15.0,0.7141877581912283,-0.0,---,0.42896009546044045,0.039213197537977064,3.6511775524130155e-12,3.6808954908343004e-12,8.475898050469158e-05,0.000693083898511839,0.17805210991750253,0.02372653158116645,0.5580881875446457,,0.00012165109644994801,0.015961050657280484
494481,1547.6,2785.3,14.7,13,-0.109,0.301,-,-0.033,0.654,15.4,73.3,73.3,5.43,9.07,0.464,1.28,38.6,74.1,1.13,11.7,0.716,109.1,0.623,0.425,0.6 (Jun-30-2023),--,--,6.4 (Jun-30-2023),--,6.3 (Jun-30-2023),-0.3 (Jun-30-2023),--,--,1.1 (Jun-30-2023),--,--,--,--,--,--,--,--,--,--,--,--,--,--,--,--,--,2785.3,-,-,-,-,1547.6,"Exploration and Production (Incl.Midstream and Marketing): 1,547.6 (100.0%)","United States: 1,547.6 (100.0%)",0,15.0,-0.0,-0.0,0,0.8783686687221518,0.7966453392989884,7.333022516539986e-12,7.39539892672286e-12,0.001119864358167182,0.0009229807142999276,0.2874354561101549,0.23539740859761696,0.7661969391951858,1.0,0.002206628196193779,-1.223471234167018
572277,1061.3,1793,10.5,8.17,-0.1,0.313,0.112,-0.031,1.09,17.8,50.1,42.2,7.22,7.33,0.588,0.679,28.6,47.3,0.713,9.88,0.837,293.9,1.36,1.04,--,--,0.5 (Jun-30-2023),3.4 (Jun-30-2023),--,--,--,--,--,--,1 (Jun-30-2023),--,--,--,--,--,--,--,--,--,--,--,--,--,--,--,--,1793,-,-,-,118.9,0,"Oil: 937.9 (88.4%);
Gas: 123.4 (11.6%)","Nigeria: 205.0 (19.3%);
Switzerland: 291.1 (27.4%);
The Bahamas: 330.5 (31.1%);
Italy: 4.5 (.4%);
Barbados: 33.8 (3.2%);
England: 196.3 (18.5%)",-,15.0,2.135681930224792,0.5177526267252632,---,0.5063277128714618,0.03823880982253194,4.088723972168763e-12,4.125455612863643e-12,0.0018236270130715386,0.0029345767820264943,0.6239530527025333,0.03873509955404506,0.5516326985686467,0.4908341149689365,0.001131734216011481,-0.022691076339375494
639936,1455.4,2155.2,7.71,5.36,-0.094,0.302,-,-0.028,0.326,6.6,73.2,69.3,3,6.54,0.434,1.03,35.7,44.9,0.821,10.3,0.487,86.7,0.73,0.538,0.6 (Jun-30-2023),--,--,3.6 (Jun-30-2023),--,4.1 (Jun-30-2023),0.1 (Jun-30-2023),--,--,0.6 (Jun-30-2023),--,--,--,--,--,--,--,--,--,--,--,--,--,--,--,--,--,2155.2,47.6,40.3,-,0,1457.9,"Upstream: 1,457.9 (100.0%)","United States: 1,455.4 (100.0%)",0,15.0,-0.0,-0.0,0,0.8783686687221518,0.7966453392989884,7.333022516539986e-12,7.39539892672286e-12,0.001119864358167182,0.0009229807142999276,0.2874354561101549,0.23539740859761696,0.7661969391951858,1.0,0.002206628196193779,-1.223471234167018
685239,1672.2,257.8,-3.95,-,-0.047,1.38,-,-0.064,1.78,-5.45,7.08,1.06,1.44,0.585,0.173,8.21,70,62.8,0.359,0.855,0.879,77,0.653,0.524,0.6 (Mar-31-2023),--,--,1.1 (Mar-31-2023),--,3 (Mar-31-2023),-0.2 (Mar-31-2023),--,--,1.3 (Mar-31-2023),--,--,--,--,--,--,--,--,--,--,--,--,--,--,--,--,--,257.8,-,-,-,-,0,"Midstream and Infrastructure: 1,672.2 (100.0%)",-,0,15.0,,-0.0,0,,,,,,,,,,,,
692870,853.9,1080.3,13.6,10.6,-0.029,0.414,-,-0.012,0.44,17.1,42.5,40.1,13.3,13.2,0.774,0,27.7,45.5,0.523,196.3,0.955,317,3.4,3.07,3.4 (Jun-30-2023),--,--,14 (Jun-30-2023),--,17.6 (Jun-30-2023),0.7 (Jun-30-2023),--,--,0.3 (Jun-30-2023),--,--,--,--,--,--,--,--,--,--,--,--,--,--,--,--,--,1080.3,37.9,56,-,0.018,0,Oil & Gas - Exploration & Production: 853.9 (100.0%),"France: 77.2 (9.0%);
Malaysia: 101.2 (11.9%);
Other: .3 (.0%);
Canada: 675.2 (79.1%)",-,15.0,0.9456548895407928,-0.0,---,0.650405914743564,0.07038418968708367,3.797674269487536e-12,3.845144849939441e-12,0.00011954774829902513,0.0008458161432387954,0.3786948780343046,0.02804391070042977,0.8346469034785808,0.4229847558003509,0.0002600567794932998,-0.05898181634153798
324078,1565.1,2383.2,4.07,3.62,-0.136,0.25,0.215,-0.034,2.26,4.32,56,53.3,6.02,4.96,0.375,3.22,48.7,70.1,1.73,43.5,1.16,62,0.677,0.385,0.4 (Jun-30-2023),--,--,9 (Jun-30-2023),--,8.7 (Jun-30-2023),0.2 (Jun-30-2023),--,--,1 (Jun-30-2023),--,--,--,--,--,--,--,--,--,--,--,--,--,--,--,--,--,2383.2,53.4,28.9,-,65.6,1565.1,"Oil & Gas - Exploration & Production: 1,565.1 (100.0%)","United States: 1,565.1 (100.0%)",-,15.0,-0.0,-0.0,---,0.8783686687221518,0.7966453392989884,7.333022516539986e-12,7.39539892672286e-12,0.001119864358167182,0.0009229807142999276,0.2874354561101549,0.23539740859761696,0.7661969391951858,1.0,0.002206628196193779,-1.223471234167018
707690,593.4,3595.3,4.13,4.1,0.183,0.125,-,0.023,0.002,4.15,100,86.3,5.25,5.51,0.562,1.66,18.4,74.5,1.46,291.4,0.822,93.8,4.85,3.86,8.9 (Jun-30-2023),--,--,2.8 (Jun-30-2023),--,4.7 (Jun-30-2023),0.1 (Jun-30-2023),--,--,0.2 (Jun-30-2023),--,--,--,--,--,--,--,--,--,--,--,--,--,--,--,--,--,3595.3,21,40,-,10.2,593.4,Oil and Gas Exploration and Production: 593.4 (100.0%),United States: 593.4 (100.0%),-,15.0,-0.0,-0.0,---,0.8783686687221518,0.7966453392989884,7.333022516539986e-12,7.39539892672286e-12,0.001119864358167182,0.0009229807142999276,0.2874354561101549,0.23539740859761696,0.7661969391951858,1.0,0.002206628196193779,-1.223471234167018
620700,863.5,758,8.62,6.47,-0.098,0.542,-,-0.053,0.359,7.75,45.6,30.5,5.61,7.52,0.456,1.62,36.4,52.1,0.505,69.1,0.505,41.2,0.631,0.411,0.8 (Jun-30-2023),--,--,9.2 (Jun-30-2023),--,8.1 (Jun-30-2023),0.3 (Jun-30-2023),--,--,0.6 (Jun-30-2023),--,--,--,--,--,--,--,--,--,--,--,--,--,--,--,- (Dec-31-2018),- (Dec-31-2018),758,43.9,39.6,-,209.1,903.5,"E&P: 684.9 (78.7%);
Well Servicing and Abandonment: 185.8 (21.3%)",United States: 863.5 (100.0%),-,16.0,-0.0,0.7471781328795917,---,0.8783686687221518,0.7966453392989884,7.333022516539986e-12,7.39539892672286e-12,0.001119864358167182,0.0009229807142999276,0.2874354561101549,0.23539740859761696,0.7661969391951858,1.0,0.002206628196193779,-1.223471234167018
629938,494.7,1244.7,9.42,7.83,-0.202,0.29,-,-0.059,2.76,9.73,62.7,61.4,11.6,13.3,1.55,0.562,12.2,37.6,0.349,90.6,0.862,47.4,0.411,0.307,0.5 (Jun-30-2023),--,--,16.8 (Jun-30-2023),--,11.4 (Jun-30-2023),0.2 (Jun-30-2023),--,--,0.2 (Jun-30-2023),--,--,--,--,--,--,--,--,--,--,--,--,--,--,--,--,--,1244.7,-,-,-,0,517.9,Oil & Gas - Exploration & Production: 494.7 (100.0%),Canada: 494.7 (100.0%),-,16.0,-0.0,-0.0,---,0.6867217738456833,0.07034612880929014,3.867083811447491e-12,3.915087740758599e-12,0.0001240757096983278,0.0009054044978453565,0.3887471066532138,0.026587207386595146,0.8402060739874883,0.41773493858451943,0.00026809923482779853,-0.07515554123391914
430043,1634.1,-359.4,10.5,7.19,-0.097,0.367,0.176,-0.036,0.513,13.5,48.4,68.1,2.76,3.76,0.293,2.09,98,62.1,1.83,4.81,1.11,207.6,1.05,0.852,--,3.3 (Dec-31-2022),--,--,--,--,0.2 (Dec-31-2022),--,--,99999 (Dec-31-2022),--,--,--,--,--,--,--,--,--,--,--,--,--,--,--,--,--,-359.4,107.1,17.6,-,0,0,"Ghana: 1,311.4 (74.0%);
Non-Operated: 461.8 (26.0%)",-,0,16.0,,0.8267463724926178,2,,,,,,,,,,,,
398392,532.7,31.2,6.29,2.45,-0.177,0.478,-,-0.085,1.17,4.1,46.7,32.1,2.58,3.88,0.286,1.32,92.8,37.2,0.756,9.37,0.464,156.1,1.22,1.12,1.2 (Jun-30-2023),--,--,4 (Jun-30-2023),--,2.9 (Jun-30-2023),0.2 (Jun-30-2023),--,--,15.5 (Jun-30-2023),--,--,--,--,--,--,--,--,--,--,--,--,--,--,--,--,--,31.2,96.3,11.2,-,0,532.7,Oil & Gas - Exploration & Production: 532.7 (100.0%),United States: 532.7 (100.0%),-,16.0,-0.0,-0.0,---,0.8783686687221518,0.7966453392989884,7.333022516539986e-12,7.39539892672286e-12,0.001119864358167182,0.0009229807142999276,0.2874354561101549,0.23539740859761696,0.7661969391951858,1.0,0.002206628196193779,-1.223471234167018
706957,495.2,517.2,4.59,4.2,0.01,0.559,-,0.005,1.49,5.33,21,18.1,0.638,0.986,0.198,2.73,36.2,79.4,0.592,1.96,0.557,-,0.994,0.639,--,--,--,--,--,--,--,--,--,--,--,--,--,--,--,--,--,--,--,--,--,--,--,--,--,--,--,619,-,-,-,-,498,Oil Sands Operations: 495.2 (100.0%),Canada: 495.2 (100.0%),-,16.0,-0.0,-0.0,---,0.6867217738456833,0.07034612880929014,3.867083811447491e-12,3.915087740758599e-12,0.0001240757096983278,0.0009054044978453565,0.3887471066532138,0.026587207386595146,0.8402060739874883,0.41773493858451943,0.00026809923482779853,-0.07515554123391914
128145,17311,9051,5.43,4.15,-0.001,0.691,0.021,-0.001,2.36,5.68,20,11.6,-,0.503,-,3.73,46.2,55.4,0.512,-,-,47.2,0.901,0.559,--,--,0.2 (Mar-31-2023),2.6 (Mar-31-2023),--,--,--,--,--,--,1 (Mar-31-2023),--,--,--,--,--,--,--,--,--,--,--,--,--,--,--,--,9051,50.8,34.4,-,0,0,"Upstream: 7,382.0 (29.8%);
Gas and Power: 2,374.0 (9.6%);
Downstream (Excl. Gas and Energy): 14,988.0 (60.6%)","Argentina: 15,399.0 (89.0%);
International: 1,912.0 (11.0%)",-,18.0,0.499915958164528,1.2829522315105235,---,0.3080087820262811,0.03774563621199424,1.6011241697169754e-11,9.286818255750611e-12,0.0006626525688159734,0.0040420131120937515,0.5109502047599264,0.031806860094741735,0.8671125830681645,,0.001477684369882138,-0.018900428822844113
305431,560.1,1058.4,8.25,7.63,0.081,0.297,-,0.024,0.821,11.3,37.1,39.1,7.7,7.19,0.402,0.803,33.4,70.4,1.04,8.57,1.13,399.9,3.56,3.49,--,--,0.8 (Mar-31-2023),6.4 (Mar-31-2023),--,--,--,--,--,--,-0.2 (Mar-31-2023),--,--,--,--,--,--,--,--,--,--,--,--,--,--,- (Mar-31-2023),- (Mar-31-2023),1058.4,32.1,80,-,0,560.1,"Natural Gas Transportation: 122.5 (21.9%);
Production and Commercialization of Liquids: 328.3 (58.6%);
Telecommunications: 3.4 (.6%);
Midstream: 105.9 (18.9%)",-,-,18.0,,1.4302048087358832,---,,,,,,,,,,,,
317643,216.1,452.1,-1.96,-,0.177,0.213,-,0.038,1.03,-2.03,42.4,8.82,1.09,0.423,0.144,17.5,39.5,63.4,1.66,0.949,0.562,127.2,0.887,0.683,--,--,0 (Jan-31-2023),1.9 (Jan-31-2023),--,--,--,--,--,--,-0.3 (Jan-31-2023),--,--,--,--,--,--,--,--,--,--,--,--,--,--,- (Jan-31-2023),- (Jan-31-2023),437.6,-,-,-,0,0,"Energy: 38.9 (18.0%);
GLP: 7.4 (3.4%);
Renewable Energies - Hydrogen-Generated Energy: .2 (.1%);
Renewable Energies - Oxygen: .1 (.1%);
Oil and Gas: 164.8 (76.3%);
Renewable Energies - Wind Energy: 4.6 (2.1%)","Argentina: 124.0 (57.4%);
Foreign: 92.1 (42.6%)",-,18.0,0.9841414105340351,1.0459018795071333,---,0.3080087820262811,0.03774563621199424,1.6011241697169754e-11,9.286818255750611e-12,0.0006626525688159734,0.004042013112093752,0.5109502047599264,0.031806860094741735,0.8671125830681645,,0.001477684369882138,-0.018900428822844113
453880,635.4,2412.8,3.57,3.15,0.332,0.135,0.152,0.045,0.962,5.49,37.9,38.9,1.72,1.94,0.149,2.57,35.1,63.5,2.31,4.6,0.91,513.6,2.56,2.09,--,--,0.5 (Jun-30-2023),1.5 (Jun-30-2023),--,--,--,--,--,--,-0.1 (Jun-30-2023),--,--,--,--,--,--,--,--,--,--,--,--,--,--,--,--,2412.8,45,31.5,-,0,0,"Power Generation: 648.0 (35.3%);
Holding and Others: 14.0 (.8%);
Oil and Gas: 666.0 (36.3%);
Petrochemicals: 507.0 (27.6%)","Argentina: 1,423.0 (82.2%);
Foreign: 309.0 (17.8%)",-,18.0,0.6756821861637249,1.629318687934128,---,0.3080087820262811,0.03774563621199424,1.6011241697169754e-11,9.286818255750611e-12,0.0006626525688159734,0.0040420131120937515,0.5109502047599264,0.031806860094741735,0.8671125830681645,,0.001477684369882138,-0.018900428822844113
